[11-Jun-2025 08:43:45 UTC] PHP Deprecated:  Automatic conversion of false to array is deprecated in C:\xampp\htdocs\junior-salon\wp-content\plugins\wpml-sticky-links\classes\class-wpml-sticky-links.php on line 19
[11-Jun-2025 08:44:06 UTC] PHP Deprecated:  Automatic conversion of false to array is deprecated in C:\xampp\htdocs\junior-salon\wp-content\plugins\wpml-sticky-links\classes\class-wpml-sticky-links.php on line 19
[11-Jun-2025 08:45:29 UTC] SELECT   QG6dosyx_posts.*
					 FROM QG6dosyx_posts 
					 WHERE 1=1  AND QG6dosyx_posts.post_name = 'toolset-woocommerce-fields' AND QG6dosyx_posts.post_type = 'wp-types-group'
					 
					 ORDER BY QG6dosyx_posts.post_date DESC
					 
[11-Jun-2025 08:45:29 UTC] SELECT   QG6dosyx_posts.*
					 FROM QG6dosyx_posts 
					 WHERE 1=1  AND QG6dosyx_posts.post_name = 'toolset-woocommerce-fields' AND QG6dosyx_posts.post_type = 'wp-types-group'
					 
					 ORDER BY QG6dosyx_posts.post_date DESC
					 
[11-Jun-2025 08:45:49 UTC] PHP Deprecated:  Automatic conversion of false to array is deprecated in C:\xampp\htdocs\junior-salon\wp-content\plugins\wpml-sticky-links\classes\class-wpml-sticky-links.php on line 19
[11-Jun-2025 08:45:56 UTC] SELECT   QG6dosyx_posts.*
					 FROM QG6dosyx_posts 
					 WHERE 1=1  AND QG6dosyx_posts.post_type = 'acf-taxonomy' AND ((QG6dosyx_posts.post_status = 'publish' OR QG6dosyx_posts.post_status = 'acf-disabled'))
					 
					 ORDER BY QG6dosyx_posts.menu_order ASC, QG6dosyx_posts.post_title ASC
					 
[11-Jun-2025 08:45:56 UTC] SELECT   QG6dosyx_posts.*
					 FROM QG6dosyx_posts 
					 WHERE 1=1  AND QG6dosyx_posts.post_type = 'acf-post-type' AND ((QG6dosyx_posts.post_status = 'publish' OR QG6dosyx_posts.post_status = 'acf-disabled'))
					 
					 ORDER BY QG6dosyx_posts.menu_order ASC, QG6dosyx_posts.post_title ASC
					 
[11-Jun-2025 08:45:56 UTC] SELECT   QG6dosyx_posts.*
					 FROM QG6dosyx_posts 
					 WHERE 1=1  AND QG6dosyx_posts.post_type = 'acf-taxonomy' AND ((QG6dosyx_posts.post_status = 'publish' OR QG6dosyx_posts.post_status = 'acf-disabled'))
					 
					 ORDER BY QG6dosyx_posts.menu_order ASC, QG6dosyx_posts.post_title ASC
					 
[11-Jun-2025 08:45:56 UTC] SELECT   QG6dosyx_posts.*
					 FROM QG6dosyx_posts 
					 WHERE 1=1  AND QG6dosyx_posts.post_type = 'acf-taxonomy' AND ((QG6dosyx_posts.post_status = 'publish' OR QG6dosyx_posts.post_status = 'acf-disabled'))
					 
					 ORDER BY QG6dosyx_posts.menu_order ASC, QG6dosyx_posts.post_title ASC
					 
[11-Jun-2025 08:45:56 UTC] SELECT   QG6dosyx_posts.*
					 FROM QG6dosyx_posts 
					 WHERE 1=1  AND QG6dosyx_posts.post_type = 'acf-post-type' AND ((QG6dosyx_posts.post_status = 'publish' OR QG6dosyx_posts.post_status = 'acf-disabled'))
					 
					 ORDER BY QG6dosyx_posts.menu_order ASC, QG6dosyx_posts.post_title ASC
					 
[11-Jun-2025 08:45:56 UTC] SELECT   QG6dosyx_posts.*
					 FROM QG6dosyx_posts 
					 WHERE 1=1  AND QG6dosyx_posts.post_type = 'acf-post-type' AND ((QG6dosyx_posts.post_status = 'publish' OR QG6dosyx_posts.post_status = 'acf-disabled'))
					 
					 ORDER BY QG6dosyx_posts.menu_order ASC, QG6dosyx_posts.post_title ASC
					 
[11-Jun-2025 08:45:59 UTC] WordPress database error Duplicate entry '3695-en' for key 'trid_lang' for query INSERT INTO `QG6dosyx_icl_translations` (`element_type`, `language_code`, `trid`) VALUES ('post_nav_menu_item', 'en', '3695') made by require_once('wp-admin/admin.php'), require_once('wp-load.php'), require_once('wp-config.php'), require_once('wp-settings.php'), do_action('init'), WP_Hook->do_action, WP_Hook->apply_filters, WPML_Nav_Menu->init, WPML_Nav_Menu->_set_menus_language, SitePress->set_element_language_details, WPML_Set_Language->set, WPML_Set_Language->insert_new_row
[11-Jun-2025 08:46:25 UTC] SELECT SQL_CALC_FOUND_ROWS  QG6dosyx_posts.*
					 FROM QG6dosyx_posts 
					 WHERE 1=1  AND ((QG6dosyx_posts.post_type = 'post' AND (QG6dosyx_posts.post_status = 'publish' OR QG6dosyx_posts.post_status = 'acf-disabled')))
					 
					 ORDER BY QG6dosyx_posts.post_date DESC
					 LIMIT 0, 10
[11-Jun-2025 08:46:27 UTC] PHP Deprecated:  Automatic conversion of false to array is deprecated in C:\xampp\htdocs\junior-salon\wp-content\plugins\wpml-sticky-links\classes\class-wpml-sticky-links.php on line 19
[11-Jun-2025 08:46:31 UTC] PHP Deprecated:  Automatic conversion of false to array is deprecated in C:\xampp\htdocs\junior-salon\wp-content\plugins\wpml-sticky-links\classes\class-wpml-sticky-links.php on line 19
[11-Jun-2025 08:46:31 UTC] SELECT   QG6dosyx_posts.*
					 FROM QG6dosyx_posts 
					 WHERE 1=1  AND QG6dosyx_posts.post_type = 'acf-taxonomy' AND ((QG6dosyx_posts.post_status = 'publish' OR QG6dosyx_posts.post_status = 'acf-disabled'))
					 
					 ORDER BY QG6dosyx_posts.menu_order ASC, QG6dosyx_posts.post_title ASC
					 
[11-Jun-2025 08:46:31 UTC] SELECT   QG6dosyx_posts.*
					 FROM QG6dosyx_posts 
					 WHERE 1=1  AND QG6dosyx_posts.post_type = 'acf-post-type' AND ((QG6dosyx_posts.post_status = 'publish' OR QG6dosyx_posts.post_status = 'acf-disabled'))
					 
					 ORDER BY QG6dosyx_posts.menu_order ASC, QG6dosyx_posts.post_title ASC
					 
[11-Jun-2025 08:46:35 UTC] SELECT   QG6dosyx_posts.*
					 FROM QG6dosyx_posts 
					 WHERE 1=1  AND QG6dosyx_posts.post_type = 'acf-taxonomy' AND ((QG6dosyx_posts.post_status = 'publish' OR QG6dosyx_posts.post_status = 'acf-disabled'))
					 
					 ORDER BY QG6dosyx_posts.menu_order ASC, QG6dosyx_posts.post_title ASC
					 
[11-Jun-2025 08:46:35 UTC] SELECT   QG6dosyx_posts.*
					 FROM QG6dosyx_posts 
					 WHERE 1=1  AND QG6dosyx_posts.post_type = 'acf-post-type' AND ((QG6dosyx_posts.post_status = 'publish' OR QG6dosyx_posts.post_status = 'acf-disabled'))
					 
					 ORDER BY QG6dosyx_posts.menu_order ASC, QG6dosyx_posts.post_title ASC
					 
[11-Jun-2025 08:46:36 UTC] SELECT SQL_CALC_FOUND_ROWS  QG6dosyx_posts.*
					 FROM QG6dosyx_posts  LEFT JOIN QG6dosyx_term_relationships ON (QG6dosyx_posts.ID = QG6dosyx_term_relationships.object_id) JOIN QG6dosyx_icl_translations wpml_translations
							ON QG6dosyx_posts.ID = wpml_translations.element_id
								AND wpml_translations.element_type = CONCAT('post_', QG6dosyx_posts.post_type) 
					 WHERE 1=1  AND ( 
  QG6dosyx_term_relationships.term_taxonomy_id IN (49)
) AND QG6dosyx_posts.post_type = 'product' AND ((QG6dosyx_posts.post_status = 'publish')) AND ( ( ( wpml_translations.language_code = 'en' OR 0 ) AND QG6dosyx_posts.post_type  IN ('post','page','attachment','wp_block','wp_template','wp_template_part','wp_navigation','home-features-banner','testimonial','product','product_variation','shop_order_placehold','sp_accordion_faqs','sp_wp_tabs','wpforms-template' )  ) OR QG6dosyx_posts.post_type  NOT  IN ('post','page','attachment','wp_block','wp_template','wp_template_part','wp_navigation','home-features-banner','testimonial','product','product_variation','shop_order_placehold','sp_accordion_faqs','sp_wp_tabs','wpforms-template' )  )
					 GROUP BY QG6dosyx_posts.ID
					 ORDER BY QG6dosyx_posts.post_date DESC
					 LIMIT 0, 10
[11-Jun-2025 08:46:37 UTC] SELECT SQL_CALC_FOUND_ROWS  QG6dosyx_posts.*
					 FROM QG6dosyx_posts 
					 WHERE 1=1  AND ((QG6dosyx_posts.post_type = 'post' AND (QG6dosyx_posts.post_status = 'publish' OR QG6dosyx_posts.post_status = 'acf-disabled')))
					 
					 ORDER BY QG6dosyx_posts.post_date DESC
					 LIMIT 0, 10
[11-Jun-2025 08:46:38 UTC] SELECT SQL_CALC_FOUND_ROWS  QG6dosyx_posts.*
					 FROM QG6dosyx_posts  LEFT JOIN QG6dosyx_term_relationships ON (QG6dosyx_posts.ID = QG6dosyx_term_relationships.object_id) JOIN QG6dosyx_icl_translations wpml_translations
							ON QG6dosyx_posts.ID = wpml_translations.element_id
								AND wpml_translations.element_type = CONCAT('post_', QG6dosyx_posts.post_type) 
					 WHERE 1=1  AND ( 
  QG6dosyx_term_relationships.term_taxonomy_id IN (47)
) AND ((QG6dosyx_posts.post_type = 'product' AND (QG6dosyx_posts.post_status = 'publish' OR QG6dosyx_posts.post_status = 'acf-disabled'))) AND ( ( ( wpml_translations.language_code = 'en' OR 0 ) AND QG6dosyx_posts.post_type  IN ('post','page','attachment','wp_block','wp_template','wp_template_part','wp_navigation','home-features-banner','testimonial','product','product_variation','shop_order_placehold','sp_accordion_faqs','sp_wp_tabs','wpforms-template' )  ) OR QG6dosyx_posts.post_type  NOT  IN ('post','page','attachment','wp_block','wp_template','wp_template_part','wp_navigation','home-features-banner','testimonial','product','product_variation','shop_order_placehold','sp_accordion_faqs','sp_wp_tabs','wpforms-template' )  )
					 GROUP BY QG6dosyx_posts.ID
					 ORDER BY QG6dosyx_posts.post_date DESC
					 LIMIT 0, 10
[11-Jun-2025 08:46:38 UTC] WordPress database error Duplicate entry '0' for key 'PRIMARY' for query INSERT INTO `QG6dosyx_actionscheduler_groups` (`slug`) VALUES ('count') made by do_action_ref_array('action_scheduler_run_queue'), WP_Hook->do_action, WP_Hook->apply_filters, ActionScheduler_QueueRunner->run, ActionScheduler_QueueRunner->do_batch, ActionScheduler_Abstract_QueueRunner->process_action, ActionScheduler_Abstract_QueueRunner->schedule_next_instance, ActionScheduler_ActionFactory->repeat, ActionScheduler_ActionFactory->store, ActionScheduler_HybridStore->save_action, ActionScheduler_DBStoreMigrator->save_action, ActionScheduler_DBStore->save_action, ActionScheduler_DBStore->save_action_to_db, ActionScheduler_DBStore->get_group_ids, ActionScheduler_DBStore->create_group
[11-Jun-2025 08:46:38 UTC] PHP Fatal error:  Uncaught RuntimeException: Unable to release actions from claim id 0. in C:\xampp\htdocs\junior-salon\wp-content\plugins\woocommerce\packages\action-scheduler\classes\data-stores\ActionScheduler_DBStore.php:1128
Stack trace:
#0 C:\xampp\htdocs\junior-salon\wp-content\plugins\woocommerce\packages\action-scheduler\classes\data-stores\ActionScheduler_HybridStore.php(440): ActionScheduler_DBStore->release_claim(Object(ActionScheduler_ActionClaim))
#1 C:\xampp\htdocs\junior-salon\wp-content\plugins\woocommerce\packages\action-scheduler\classes\ActionScheduler_QueueRunner.php(195): ActionScheduler_HybridStore->release_claim(Object(ActionScheduler_ActionClaim))
#2 C:\xampp\htdocs\junior-salon\wp-content\plugins\woocommerce\packages\action-scheduler\classes\ActionScheduler_QueueRunner.php(158): ActionScheduler_QueueRunner->do_batch(25, 'WP Cron')
#3 C:\xampp\htdocs\junior-salon\wp-includes\class-wp-hook.php(324): ActionScheduler_QueueRunner->run('WP Cron')
#4 C:\xampp\htdocs\junior-salon\wp-includes\class-wp-hook.php(348): WP_Hook->apply_filters('', Array)
#5 C:\xampp\htdocs\junior-salon\wp-includes\plugin.php(565): WP_Hook->do_action(Array)
#6 C:\xampp\htdocs\junior-salon\wp-cron.php(191): do_action_ref_array('action_schedule...', Array)
#7 {main}
  thrown in C:\xampp\htdocs\junior-salon\wp-content\plugins\woocommerce\packages\action-scheduler\classes\data-stores\ActionScheduler_DBStore.php on line 1128
[11-Jun-2025 08:46:38 UTC] PHP Fatal error:  Uncaught RuntimeException: Unable to release actions from claim id 0. in C:\xampp\htdocs\junior-salon\wp-content\plugins\woocommerce\packages\action-scheduler\classes\data-stores\ActionScheduler_DBStore.php:1128
Stack trace:
#0 C:\xampp\htdocs\junior-salon\wp-content\plugins\woocommerce\packages\action-scheduler\classes\data-stores\ActionScheduler_HybridStore.php(440): ActionScheduler_DBStore->release_claim(Object(ActionScheduler_ActionClaim))
#1 C:\xampp\htdocs\junior-salon\wp-content\plugins\woocommerce\packages\action-scheduler\classes\ActionScheduler_FatalErrorMonitor.php(95): ActionScheduler_HybridStore->release_claim(Object(ActionScheduler_ActionClaim))
#2 C:\xampp\htdocs\junior-salon\wp-includes\class-wp-hook.php(324): ActionScheduler_FatalErrorMonitor->handle_unexpected_shutdown('')
#3 C:\xampp\htdocs\junior-salon\wp-includes\class-wp-hook.php(348): WP_Hook->apply_filters(NULL, Array)
#4 C:\xampp\htdocs\junior-salon\wp-includes\plugin.php(517): WP_Hook->do_action(Array)
#5 C:\xampp\htdocs\junior-salon\wp-includes\load.php(1304): do_action('shutdown')
#6 [internal function]: shutdown_action_hook()
#7 {main}
  thrown in C:\xampp\htdocs\junior-salon\wp-content\plugins\woocommerce\packages\action-scheduler\classes\data-stores\ActionScheduler_DBStore.php on line 1128
[11-Jun-2025 08:46:38 UTC] SELECT   QG6dosyx_posts.*
					 FROM QG6dosyx_posts 
					 WHERE 1=1  AND QG6dosyx_posts.post_type = 'acf-field' AND ((QG6dosyx_posts.post_status = 'publish')) AND QG6dosyx_posts.post_name = 'field_680f215789581'
					 
					 ORDER BY QG6dosyx_posts.menu_order ASC, QG6dosyx_posts.post_title ASC
					 LIMIT 0, 1
[11-Jun-2025 08:46:39 UTC] SELECT SQL_CALC_FOUND_ROWS  QG6dosyx_posts.*
					 FROM QG6dosyx_posts  JOIN QG6dosyx_icl_translations wpml_translations
							ON QG6dosyx_posts.ID = wpml_translations.element_id
								AND wpml_translations.element_type = CONCAT('post_', QG6dosyx_posts.post_type) 
					 WHERE 1=1  AND ((QG6dosyx_posts.post_type = 'home-features-banner' AND (QG6dosyx_posts.post_status = 'publish' OR QG6dosyx_posts.post_status = 'acf-disabled'))) AND ( ( ( wpml_translations.language_code = 'en' OR 0 ) AND QG6dosyx_posts.post_type  IN ('post','page','attachment','wp_block','wp_template','wp_template_part','wp_navigation','home-features-banner','testimonial','product','product_variation','shop_order_placehold','sp_accordion_faqs','sp_wp_tabs','wpforms-template' )  ) OR QG6dosyx_posts.post_type  NOT  IN ('post','page','attachment','wp_block','wp_template','wp_template_part','wp_navigation','home-features-banner','testimonial','product','product_variation','shop_order_placehold','sp_accordion_faqs','sp_wp_tabs','wpforms-template' )  )
					 
					 ORDER BY QG6dosyx_posts.post_date DESC
					 LIMIT 0, 6
[11-Jun-2025 08:46:39 UTC] SELECT SQL_CALC_FOUND_ROWS  QG6dosyx_posts.*
					 FROM QG6dosyx_posts  JOIN QG6dosyx_icl_translations wpml_translations
							ON QG6dosyx_posts.ID = wpml_translations.element_id
								AND wpml_translations.element_type = CONCAT('post_', QG6dosyx_posts.post_type) 
					 WHERE 1=1  AND ((QG6dosyx_posts.post_type = 'testimonial' AND (QG6dosyx_posts.post_status = 'publish' OR QG6dosyx_posts.post_status = 'acf-disabled'))) AND ( ( ( wpml_translations.language_code = 'en' OR 0 ) AND QG6dosyx_posts.post_type  IN ('post','page','attachment','wp_block','wp_template','wp_template_part','wp_navigation','home-features-banner','testimonial','product','product_variation','shop_order_placehold','sp_accordion_faqs','sp_wp_tabs','wpforms-template' )  ) OR QG6dosyx_posts.post_type  NOT  IN ('post','page','attachment','wp_block','wp_template','wp_template_part','wp_navigation','home-features-banner','testimonial','product','product_variation','shop_order_placehold','sp_accordion_faqs','sp_wp_tabs','wpforms-template' )  )
					 
					 ORDER BY QG6dosyx_posts.post_date DESC
					 LIMIT 0, 3
[11-Jun-2025 08:46:39 UTC] SELECT   QG6dosyx_posts.*
					 FROM QG6dosyx_posts 
					 WHERE 1=1  AND QG6dosyx_posts.post_type = 'acf-field' AND ((QG6dosyx_posts.post_status = 'publish')) AND QG6dosyx_posts.post_name = 'field_680a1f8732ede'
					 
					 ORDER BY QG6dosyx_posts.menu_order ASC, QG6dosyx_posts.post_title ASC
					 LIMIT 0, 1
[11-Jun-2025 08:46:42 UTC] PHP Warning:  Undefined variable $start in C:\xampp\htdocs\junior-salon\wp-content\themes\junior-salon\layouts\footer.php on line 165
[11-Jun-2025 08:46:43 UTC] SELECT   QG6dosyx_posts.*
					 FROM QG6dosyx_posts 
					 WHERE 1=1  AND QG6dosyx_posts.post_type = 'acf-field-group' AND ((QG6dosyx_posts.post_status = 'publish' OR QG6dosyx_posts.post_status = 'acf-disabled'))
					 
					 ORDER BY QG6dosyx_posts.menu_order ASC, QG6dosyx_posts.post_title ASC
					 
[11-Jun-2025 08:46:44 UTC] SELECT   QG6dosyx_posts.*
					 FROM QG6dosyx_posts 
					 WHERE 1=1  AND QG6dosyx_posts.post_type = 'acf-field-group' AND ((QG6dosyx_posts.post_status = 'publish' OR QG6dosyx_posts.post_status = 'acf-disabled'))
					 
					 ORDER BY QG6dosyx_posts.menu_order ASC, QG6dosyx_posts.post_title ASC
					 
[11-Jun-2025 08:46:47 UTC] PHP Deprecated:  Automatic conversion of false to array is deprecated in C:\xampp\htdocs\junior-salon\wp-content\plugins\wpml-sticky-links\classes\class-wpml-sticky-links.php on line 19
[11-Jun-2025 08:46:47 UTC] PHP Deprecated:  Automatic conversion of false to array is deprecated in C:\xampp\htdocs\junior-salon\wp-content\plugins\wpml-sticky-links\classes\class-wpml-sticky-links.php on line 19
[11-Jun-2025 08:46:47 UTC] PHP Deprecated:  Automatic conversion of false to array is deprecated in C:\xampp\htdocs\junior-salon\wp-content\plugins\wpml-sticky-links\classes\class-wpml-sticky-links.php on line 19
[11-Jun-2025 08:46:49 UTC] PHP Deprecated:  Automatic conversion of false to array is deprecated in C:\xampp\htdocs\junior-salon\wp-content\plugins\wpml-sticky-links\classes\class-wpml-sticky-links.php on line 19
[11-Jun-2025 08:46:49 UTC] PHP Deprecated:  Automatic conversion of false to array is deprecated in C:\xampp\htdocs\junior-salon\wp-content\plugins\wpml-sticky-links\classes\class-wpml-sticky-links.php on line 19
[11-Jun-2025 08:46:52 UTC] SELECT   QG6dosyx_posts.*
					 FROM QG6dosyx_posts 
					 WHERE 1=1  AND QG6dosyx_posts.post_type = 'acf-taxonomy' AND ((QG6dosyx_posts.post_status = 'publish' OR QG6dosyx_posts.post_status = 'acf-disabled'))
					 
					 ORDER BY QG6dosyx_posts.menu_order ASC, QG6dosyx_posts.post_title ASC
					 
[11-Jun-2025 08:46:52 UTC] SELECT   QG6dosyx_posts.*
					 FROM QG6dosyx_posts 
					 WHERE 1=1  AND QG6dosyx_posts.post_type = 'acf-post-type' AND ((QG6dosyx_posts.post_status = 'publish' OR QG6dosyx_posts.post_status = 'acf-disabled'))
					 
					 ORDER BY QG6dosyx_posts.menu_order ASC, QG6dosyx_posts.post_title ASC
					 
[11-Jun-2025 08:46:52 UTC] SELECT   QG6dosyx_posts.*
					 FROM QG6dosyx_posts 
					 WHERE 1=1  AND QG6dosyx_posts.post_type = 'acf-taxonomy' AND ((QG6dosyx_posts.post_status = 'publish' OR QG6dosyx_posts.post_status = 'acf-disabled'))
					 
					 ORDER BY QG6dosyx_posts.menu_order ASC, QG6dosyx_posts.post_title ASC
					 
[11-Jun-2025 08:46:52 UTC] SELECT   QG6dosyx_posts.*
					 FROM QG6dosyx_posts 
					 WHERE 1=1  AND QG6dosyx_posts.post_type = 'acf-post-type' AND ((QG6dosyx_posts.post_status = 'publish' OR QG6dosyx_posts.post_status = 'acf-disabled'))
					 
					 ORDER BY QG6dosyx_posts.menu_order ASC, QG6dosyx_posts.post_title ASC
					 
[11-Jun-2025 08:46:53 UTC] SELECT   QG6dosyx_posts.*
					 FROM QG6dosyx_posts 
					 WHERE 1=1  AND QG6dosyx_posts.post_type = 'acf-taxonomy' AND ((QG6dosyx_posts.post_status = 'publish' OR QG6dosyx_posts.post_status = 'acf-disabled'))
					 
					 ORDER BY QG6dosyx_posts.menu_order ASC, QG6dosyx_posts.post_title ASC
					 
[11-Jun-2025 08:46:53 UTC] SELECT   QG6dosyx_posts.*
					 FROM QG6dosyx_posts 
					 WHERE 1=1  AND QG6dosyx_posts.post_type = 'acf-post-type' AND ((QG6dosyx_posts.post_status = 'publish' OR QG6dosyx_posts.post_status = 'acf-disabled'))
					 
					 ORDER BY QG6dosyx_posts.menu_order ASC, QG6dosyx_posts.post_title ASC
					 
[11-Jun-2025 08:46:54 UTC] SELECT   QG6dosyx_posts.*
					 FROM QG6dosyx_posts 
					 WHERE 1=1  AND QG6dosyx_posts.post_type = 'acf-taxonomy' AND ((QG6dosyx_posts.post_status = 'publish' OR QG6dosyx_posts.post_status = 'acf-disabled'))
					 
					 ORDER BY QG6dosyx_posts.menu_order ASC, QG6dosyx_posts.post_title ASC
					 
[11-Jun-2025 08:46:54 UTC] SELECT   QG6dosyx_posts.*
					 FROM QG6dosyx_posts 
					 WHERE 1=1  AND QG6dosyx_posts.post_type = 'acf-post-type' AND ((QG6dosyx_posts.post_status = 'publish' OR QG6dosyx_posts.post_status = 'acf-disabled'))
					 
					 ORDER BY QG6dosyx_posts.menu_order ASC, QG6dosyx_posts.post_title ASC
					 
[11-Jun-2025 08:46:55 UTC] SELECT SQL_CALC_FOUND_ROWS  QG6dosyx_posts.*
					 FROM QG6dosyx_posts  LEFT JOIN QG6dosyx_term_relationships ON (QG6dosyx_posts.ID = QG6dosyx_term_relationships.object_id) JOIN QG6dosyx_icl_translations wpml_translations
							ON QG6dosyx_posts.ID = wpml_translations.element_id
								AND wpml_translations.element_type = CONCAT('post_', QG6dosyx_posts.post_type) 
					 WHERE 1=1  AND ( 
  QG6dosyx_term_relationships.term_taxonomy_id IN (8,9,10,11)
) AND QG6dosyx_posts.post_type = 'product' AND ((QG6dosyx_posts.post_status = 'publish')) AND ( ( ( wpml_translations.language_code = 'en' OR 0 ) AND QG6dosyx_posts.post_type  IN ('post','page','attachment','wp_block','wp_template','wp_template_part','wp_navigation','home-features-banner','testimonial','product','product_variation','shop_order_placehold','sp_accordion_faqs','sp_wp_tabs','wpforms-template' )  ) OR QG6dosyx_posts.post_type  NOT  IN ('post','page','attachment','wp_block','wp_template','wp_template_part','wp_navigation','home-features-banner','testimonial','product','product_variation','shop_order_placehold','sp_accordion_faqs','sp_wp_tabs','wpforms-template' )  )
					 GROUP BY QG6dosyx_posts.ID
					 ORDER BY QG6dosyx_posts.post_date DESC
					 LIMIT 0, 1
[11-Jun-2025 08:46:55 UTC] SELECT SQL_CALC_FOUND_ROWS  QG6dosyx_posts.*
					 FROM QG6dosyx_posts  LEFT JOIN QG6dosyx_term_relationships ON (QG6dosyx_posts.ID = QG6dosyx_term_relationships.object_id) JOIN QG6dosyx_icl_translations wpml_translations
							ON QG6dosyx_posts.ID = wpml_translations.element_id
								AND wpml_translations.element_type = CONCAT('post_', QG6dosyx_posts.post_type) 
					 WHERE 1=1  AND ( 
  QG6dosyx_term_relationships.term_taxonomy_id IN (8,9,10,11)
) AND QG6dosyx_posts.post_type = 'product' AND ((QG6dosyx_posts.post_status = 'publish')) AND ( ( ( wpml_translations.language_code = 'en' OR 0 ) AND QG6dosyx_posts.post_type  IN ('post','page','attachment','wp_block','wp_template','wp_template_part','wp_navigation','home-features-banner','testimonial','product','product_variation','shop_order_placehold','sp_accordion_faqs','sp_wp_tabs','wpforms-template' )  ) OR QG6dosyx_posts.post_type  NOT  IN ('post','page','attachment','wp_block','wp_template','wp_template_part','wp_navigation','home-features-banner','testimonial','product','product_variation','shop_order_placehold','sp_accordion_faqs','sp_wp_tabs','wpforms-template' )  )
					 GROUP BY QG6dosyx_posts.ID
					 ORDER BY QG6dosyx_posts.post_date DESC
					 LIMIT 0, 1
[11-Jun-2025 08:46:58 UTC] SELECT SQL_CALC_FOUND_ROWS  QG6dosyx_posts.*
					 FROM QG6dosyx_posts  LEFT JOIN QG6dosyx_term_relationships ON (QG6dosyx_posts.ID = QG6dosyx_term_relationships.object_id) JOIN QG6dosyx_icl_translations wpml_translations
							ON QG6dosyx_posts.ID = wpml_translations.element_id
								AND wpml_translations.element_type = CONCAT('post_', QG6dosyx_posts.post_type) 
					 WHERE 1=1  AND ( 
  QG6dosyx_term_relationships.term_taxonomy_id IN (8,9,10,11)
) AND QG6dosyx_posts.post_type = 'product' AND ((QG6dosyx_posts.post_status = 'publish')) AND ( ( ( wpml_translations.language_code = 'en' OR 0 ) AND QG6dosyx_posts.post_type  IN ('post','page','attachment','wp_block','wp_template','wp_template_part','wp_navigation','home-features-banner','testimonial','product','product_variation','shop_order_placehold','sp_accordion_faqs','sp_wp_tabs','wpforms-template' )  ) OR QG6dosyx_posts.post_type  NOT  IN ('post','page','attachment','wp_block','wp_template','wp_template_part','wp_navigation','home-features-banner','testimonial','product','product_variation','shop_order_placehold','sp_accordion_faqs','sp_wp_tabs','wpforms-template' )  )
					 GROUP BY QG6dosyx_posts.ID
					 ORDER BY QG6dosyx_posts.post_date DESC
					 LIMIT 0, 1
[11-Jun-2025 08:46:59 UTC] SELECT   QG6dosyx_posts.*
					 FROM QG6dosyx_posts 
					 WHERE 1=1  AND QG6dosyx_posts.post_type = 'acf-taxonomy' AND ((QG6dosyx_posts.post_status = 'publish' OR QG6dosyx_posts.post_status = 'acf-disabled'))
					 
					 ORDER BY QG6dosyx_posts.menu_order ASC, QG6dosyx_posts.post_title ASC
					 
[11-Jun-2025 08:46:59 UTC] SELECT   QG6dosyx_posts.*
					 FROM QG6dosyx_posts 
					 WHERE 1=1  AND QG6dosyx_posts.post_type = 'acf-post-type' AND ((QG6dosyx_posts.post_status = 'publish' OR QG6dosyx_posts.post_status = 'acf-disabled'))
					 
					 ORDER BY QG6dosyx_posts.menu_order ASC, QG6dosyx_posts.post_title ASC
					 
[11-Jun-2025 08:47:03 UTC] SELECT SQL_CALC_FOUND_ROWS  QG6dosyx_posts.ID
					 FROM QG6dosyx_posts  LEFT JOIN QG6dosyx_term_relationships ON (QG6dosyx_posts.ID = QG6dosyx_term_relationships.object_id) JOIN QG6dosyx_icl_translations wpml_translations
							ON QG6dosyx_posts.ID = wpml_translations.element_id
								AND wpml_translations.element_type = CONCAT('post_', QG6dosyx_posts.post_type) 
					 WHERE 1=1  AND ( 
  QG6dosyx_term_relationships.term_taxonomy_id IN (8,9,10,11)
) AND QG6dosyx_posts.post_type = 'product' AND ((QG6dosyx_posts.post_status = 'publish')) AND ( ( ( wpml_translations.language_code = 'en' OR 0 ) AND QG6dosyx_posts.post_type  IN ('post','page','attachment','wp_block','wp_template','wp_template_part','wp_navigation','home-features-banner','testimonial','product','product_variation','shop_order_placehold','sp_accordion_faqs','sp_wp_tabs','wpforms-template' )  ) OR QG6dosyx_posts.post_type  NOT  IN ('post','page','attachment','wp_block','wp_template','wp_template_part','wp_navigation','home-features-banner','testimonial','product','product_variation','shop_order_placehold','sp_accordion_faqs','sp_wp_tabs','wpforms-template' )  )
					 GROUP BY QG6dosyx_posts.ID
					 ORDER BY QG6dosyx_posts.post_date DESC
					 LIMIT 0, 1
[11-Jun-2025 08:47:06 UTC] PHP Fatal error:  Uncaught RuntimeException: يتعذر تحرير الإجراءات من معرّف المطالبة 0. in C:\xampp\htdocs\junior-salon\wp-content\plugins\woocommerce\packages\action-scheduler\classes\data-stores\ActionScheduler_DBStore.php:1128
Stack trace:
#0 C:\xampp\htdocs\junior-salon\wp-content\plugins\woocommerce\packages\action-scheduler\classes\data-stores\ActionScheduler_HybridStore.php(440): ActionScheduler_DBStore->release_claim(Object(ActionScheduler_ActionClaim))
#1 C:\xampp\htdocs\junior-salon\wp-content\plugins\woocommerce\packages\action-scheduler\classes\ActionScheduler_QueueRunner.php(195): ActionScheduler_HybridStore->release_claim(Object(ActionScheduler_ActionClaim))
#2 C:\xampp\htdocs\junior-salon\wp-content\plugins\woocommerce\packages\action-scheduler\classes\ActionScheduler_QueueRunner.php(158): ActionScheduler_QueueRunner->do_batch(25, 'Async Request')
#3 C:\xampp\htdocs\junior-salon\wp-includes\class-wp-hook.php(324): ActionScheduler_QueueRunner->run('Async Request')
#4 C:\xampp\htdocs\junior-salon\wp-includes\class-wp-hook.php(348): WP_Hook->apply_filters('', Array)
#5 C:\xampp\htdocs\junior-salon\wp-includes\plugin.php(517): WP_Hook->do_action(Array)
#6 C:\xampp\htdocs\junior-salon\wp-content\plugins\woocommerce\packages\action-scheduler\classes\ActionScheduler_AsyncRequest_QueueRunner.php(48): do_action('action_schedule...', 'Async Request')
#7 C:\xampp\htdocs\junior-salon\wp-content\plugins\woocommerce\includes\libraries\wp-async-request.php(147): ActionScheduler_AsyncRequest_QueueRunner->handle()
#8 C:\xampp\htdocs\junior-salon\wp-includes\class-wp-hook.php(324): WP_Async_Request->maybe_handle('')
#9 C:\xampp\htdocs\junior-salon\wp-includes\class-wp-hook.php(348): WP_Hook->apply_filters('', Array)
#10 C:\xampp\htdocs\junior-salon\wp-includes\plugin.php(517): WP_Hook->do_action(Array)
#11 C:\xampp\htdocs\junior-salon\wp-admin\admin-ajax.php(207): do_action('wp_ajax_nopriv_...')
#12 {main}
  thrown in C:\xampp\htdocs\junior-salon\wp-content\plugins\woocommerce\packages\action-scheduler\classes\data-stores\ActionScheduler_DBStore.php on line 1128
[11-Jun-2025 08:47:06 UTC] PHP Fatal error:  Uncaught RuntimeException: يتعذر تحرير الإجراءات من معرّف المطالبة 0. in C:\xampp\htdocs\junior-salon\wp-content\plugins\woocommerce\packages\action-scheduler\classes\data-stores\ActionScheduler_DBStore.php:1128
Stack trace:
#0 C:\xampp\htdocs\junior-salon\wp-content\plugins\woocommerce\packages\action-scheduler\classes\data-stores\ActionScheduler_HybridStore.php(440): ActionScheduler_DBStore->release_claim(Object(ActionScheduler_ActionClaim))
#1 C:\xampp\htdocs\junior-salon\wp-content\plugins\woocommerce\packages\action-scheduler\classes\ActionScheduler_FatalErrorMonitor.php(95): ActionScheduler_HybridStore->release_claim(Object(ActionScheduler_ActionClaim))
#2 C:\xampp\htdocs\junior-salon\wp-includes\class-wp-hook.php(324): ActionScheduler_FatalErrorMonitor->handle_unexpected_shutdown('')
#3 C:\xampp\htdocs\junior-salon\wp-includes\class-wp-hook.php(348): WP_Hook->apply_filters(NULL, Array)
#4 C:\xampp\htdocs\junior-salon\wp-includes\plugin.php(517): WP_Hook->do_action(Array)
#5 C:\xampp\htdocs\junior-salon\wp-includes\load.php(1304): do_action('shutdown')
#6 [internal function]: shutdown_action_hook()
#7 {main}
  thrown in C:\xampp\htdocs\junior-salon\wp-content\plugins\woocommerce\packages\action-scheduler\classes\data-stores\ActionScheduler_DBStore.php on line 1128
[11-Jun-2025 08:47:16 UTC] Automatic updates starting...
[11-Jun-2025 08:47:16 UTC]   Automatic plugin updates starting...
[11-Jun-2025 08:47:16 UTC]   Automatic plugin updates complete.
[11-Jun-2025 08:47:16 UTC] Automatic updates complete.
[11-Jun-2025 08:47:24 UTC] PHP Deprecated:  Automatic conversion of false to array is deprecated in C:\xampp\htdocs\junior-salon\wp-content\plugins\wpml-sticky-links\classes\class-wpml-sticky-links.php on line 19
[11-Jun-2025 08:47:24 UTC] PHP Deprecated:  Automatic conversion of false to array is deprecated in C:\xampp\htdocs\junior-salon\wp-content\plugins\wpml-sticky-links\classes\class-wpml-sticky-links.php on line 19
[11-Jun-2025 08:47:24 UTC] SELECT   QG6dosyx_posts.*
					 FROM QG6dosyx_posts 
					 WHERE 1=1  AND QG6dosyx_posts.post_type = 'acf-field-group' AND ((QG6dosyx_posts.post_status = 'publish' OR QG6dosyx_posts.post_status = 'acf-disabled'))
					 
					 ORDER BY QG6dosyx_posts.menu_order ASC, QG6dosyx_posts.post_title ASC
					 
[11-Jun-2025 08:47:26 UTC] PHP Fatal error:  Uncaught RuntimeException: Unable to release actions from claim id 0. in C:\xampp\htdocs\junior-salon\wp-content\plugins\woocommerce\packages\action-scheduler\classes\data-stores\ActionScheduler_DBStore.php:1128
Stack trace:
#0 C:\xampp\htdocs\junior-salon\wp-content\plugins\woocommerce\packages\action-scheduler\classes\data-stores\ActionScheduler_HybridStore.php(440): ActionScheduler_DBStore->release_claim(Object(ActionScheduler_ActionClaim))
#1 C:\xampp\htdocs\junior-salon\wp-content\plugins\woocommerce\packages\action-scheduler\classes\ActionScheduler_QueueRunner.php(195): ActionScheduler_HybridStore->release_claim(Object(ActionScheduler_ActionClaim))
#2 C:\xampp\htdocs\junior-salon\wp-content\plugins\woocommerce\packages\action-scheduler\classes\ActionScheduler_QueueRunner.php(158): ActionScheduler_QueueRunner->do_batch(25, 'WP Cron')
#3 C:\xampp\htdocs\junior-salon\wp-includes\class-wp-hook.php(324): ActionScheduler_QueueRunner->run('WP Cron')
#4 C:\xampp\htdocs\junior-salon\wp-includes\class-wp-hook.php(348): WP_Hook->apply_filters('', Array)
#5 C:\xampp\htdocs\junior-salon\wp-includes\plugin.php(565): WP_Hook->do_action(Array)
#6 C:\xampp\htdocs\junior-salon\wp-cron.php(191): do_action_ref_array('action_schedule...', Array)
#7 {main}
  thrown in C:\xampp\htdocs\junior-salon\wp-content\plugins\woocommerce\packages\action-scheduler\classes\data-stores\ActionScheduler_DBStore.php on line 1128
[11-Jun-2025 08:47:26 UTC] PHP Fatal error:  Uncaught RuntimeException: Unable to release actions from claim id 0. in C:\xampp\htdocs\junior-salon\wp-content\plugins\woocommerce\packages\action-scheduler\classes\data-stores\ActionScheduler_DBStore.php:1128
Stack trace:
#0 C:\xampp\htdocs\junior-salon\wp-content\plugins\woocommerce\packages\action-scheduler\classes\data-stores\ActionScheduler_HybridStore.php(440): ActionScheduler_DBStore->release_claim(Object(ActionScheduler_ActionClaim))
#1 C:\xampp\htdocs\junior-salon\wp-content\plugins\woocommerce\packages\action-scheduler\classes\ActionScheduler_FatalErrorMonitor.php(95): ActionScheduler_HybridStore->release_claim(Object(ActionScheduler_ActionClaim))
#2 C:\xampp\htdocs\junior-salon\wp-includes\class-wp-hook.php(324): ActionScheduler_FatalErrorMonitor->handle_unexpected_shutdown('')
#3 C:\xampp\htdocs\junior-salon\wp-includes\class-wp-hook.php(348): WP_Hook->apply_filters(NULL, Array)
#4 C:\xampp\htdocs\junior-salon\wp-includes\plugin.php(517): WP_Hook->do_action(Array)
#5 C:\xampp\htdocs\junior-salon\wp-includes\load.php(1304): do_action('shutdown')
#6 [internal function]: shutdown_action_hook()
#7 {main}
  thrown in C:\xampp\htdocs\junior-salon\wp-content\plugins\woocommerce\packages\action-scheduler\classes\data-stores\ActionScheduler_DBStore.php on line 1128
[11-Jun-2025 08:47:28 UTC] SELECT   QG6dosyx_posts.*
					 FROM QG6dosyx_posts 
					 WHERE 1=1  AND QG6dosyx_posts.post_type = 'acf-taxonomy' AND ((QG6dosyx_posts.post_status = 'publish' OR QG6dosyx_posts.post_status = 'acf-disabled'))
					 
					 ORDER BY QG6dosyx_posts.menu_order ASC, QG6dosyx_posts.post_title ASC
					 
[11-Jun-2025 08:47:28 UTC] SELECT   QG6dosyx_posts.*
					 FROM QG6dosyx_posts 
					 WHERE 1=1  AND QG6dosyx_posts.post_type = 'acf-post-type' AND ((QG6dosyx_posts.post_status = 'publish' OR QG6dosyx_posts.post_status = 'acf-disabled'))
					 
					 ORDER BY QG6dosyx_posts.menu_order ASC, QG6dosyx_posts.post_title ASC
					 
[11-Jun-2025 08:47:28 UTC] SELECT   QG6dosyx_posts.*
					 FROM QG6dosyx_posts 
					 WHERE 1=1  AND QG6dosyx_posts.post_type = 'acf-taxonomy' AND ((QG6dosyx_posts.post_status = 'publish' OR QG6dosyx_posts.post_status = 'acf-disabled'))
					 
					 ORDER BY QG6dosyx_posts.menu_order ASC, QG6dosyx_posts.post_title ASC
					 
[11-Jun-2025 08:47:28 UTC] SELECT   QG6dosyx_posts.*
					 FROM QG6dosyx_posts 
					 WHERE 1=1  AND QG6dosyx_posts.post_type = 'acf-post-type' AND ((QG6dosyx_posts.post_status = 'publish' OR QG6dosyx_posts.post_status = 'acf-disabled'))
					 
					 ORDER BY QG6dosyx_posts.menu_order ASC, QG6dosyx_posts.post_title ASC
					 
[11-Jun-2025 08:47:28 UTC] PHP Deprecated:  Automatic conversion of false to array is deprecated in C:\xampp\htdocs\junior-salon\wp-content\plugins\wpml-sticky-links\classes\class-wpml-sticky-links.php on line 19
[11-Jun-2025 08:47:33 UTC] SELECT   QG6dosyx_posts.*
					 FROM QG6dosyx_posts 
					 WHERE 1=1  AND QG6dosyx_posts.post_type = 'acf-taxonomy' AND ((QG6dosyx_posts.post_status = 'publish' OR QG6dosyx_posts.post_status = 'acf-disabled'))
					 
					 ORDER BY QG6dosyx_posts.menu_order ASC, QG6dosyx_posts.post_title ASC
					 
[11-Jun-2025 08:47:33 UTC] SELECT   QG6dosyx_posts.*
					 FROM QG6dosyx_posts 
					 WHERE 1=1  AND QG6dosyx_posts.post_type = 'acf-post-type' AND ((QG6dosyx_posts.post_status = 'publish' OR QG6dosyx_posts.post_status = 'acf-disabled'))
					 
					 ORDER BY QG6dosyx_posts.menu_order ASC, QG6dosyx_posts.post_title ASC
					 
[11-Jun-2025 08:48:47 UTC] PHP Deprecated:  Automatic conversion of false to array is deprecated in C:\xampp\htdocs\junior-salon\wp-content\plugins\wpml-sticky-links\classes\class-wpml-sticky-links.php on line 19
[11-Jun-2025 08:48:50 UTC] SELECT   QG6dosyx_posts.*
					 FROM QG6dosyx_posts 
					 WHERE 1=1  AND QG6dosyx_posts.post_type = 'acf-taxonomy' AND ((QG6dosyx_posts.post_status = 'publish' OR QG6dosyx_posts.post_status = 'acf-disabled'))
					 
					 ORDER BY QG6dosyx_posts.menu_order ASC, QG6dosyx_posts.post_title ASC
					 
[11-Jun-2025 08:48:50 UTC] SELECT   QG6dosyx_posts.*
					 FROM QG6dosyx_posts 
					 WHERE 1=1  AND QG6dosyx_posts.post_type = 'acf-post-type' AND ((QG6dosyx_posts.post_status = 'publish' OR QG6dosyx_posts.post_status = 'acf-disabled'))
					 
					 ORDER BY QG6dosyx_posts.menu_order ASC, QG6dosyx_posts.post_title ASC
					 
[11-Jun-2025 08:48:55 UTC] PHP Deprecated:  Automatic conversion of false to array is deprecated in C:\xampp\htdocs\junior-salon\wp-content\plugins\wpml-sticky-links\classes\class-wpml-sticky-links.php on line 19
[11-Jun-2025 08:48:58 UTC] SELECT   QG6dosyx_posts.*
					 FROM QG6dosyx_posts 
					 WHERE 1=1  AND QG6dosyx_posts.post_type = 'acf-taxonomy' AND ((QG6dosyx_posts.post_status = 'publish' OR QG6dosyx_posts.post_status = 'acf-disabled'))
					 
					 ORDER BY QG6dosyx_posts.menu_order ASC, QG6dosyx_posts.post_title ASC
					 
[11-Jun-2025 08:48:58 UTC] SELECT   QG6dosyx_posts.*
					 FROM QG6dosyx_posts 
					 WHERE 1=1  AND QG6dosyx_posts.post_type = 'acf-post-type' AND ((QG6dosyx_posts.post_status = 'publish' OR QG6dosyx_posts.post_status = 'acf-disabled'))
					 
					 ORDER BY QG6dosyx_posts.menu_order ASC, QG6dosyx_posts.post_title ASC
					 
[11-Jun-2025 08:48:58 UTC] PHP Deprecated:  Automatic conversion of false to array is deprecated in C:\xampp\htdocs\junior-salon\wp-content\plugins\wpml-sticky-links\classes\class-wpml-sticky-links.php on line 19
[11-Jun-2025 08:49:01 UTC] PHP Fatal error:  Uncaught RuntimeException: Unable to release actions from claim id 0. in C:\xampp\htdocs\junior-salon\wp-content\plugins\woocommerce\packages\action-scheduler\classes\data-stores\ActionScheduler_DBStore.php:1128
Stack trace:
#0 C:\xampp\htdocs\junior-salon\wp-content\plugins\woocommerce\packages\action-scheduler\classes\data-stores\ActionScheduler_HybridStore.php(440): ActionScheduler_DBStore->release_claim(Object(ActionScheduler_ActionClaim))
#1 C:\xampp\htdocs\junior-salon\wp-content\plugins\woocommerce\packages\action-scheduler\classes\ActionScheduler_QueueRunner.php(195): ActionScheduler_HybridStore->release_claim(Object(ActionScheduler_ActionClaim))
#2 C:\xampp\htdocs\junior-salon\wp-content\plugins\woocommerce\packages\action-scheduler\classes\ActionScheduler_QueueRunner.php(158): ActionScheduler_QueueRunner->do_batch(25, 'WP Cron')
#3 C:\xampp\htdocs\junior-salon\wp-includes\class-wp-hook.php(324): ActionScheduler_QueueRunner->run('WP Cron')
#4 C:\xampp\htdocs\junior-salon\wp-includes\class-wp-hook.php(348): WP_Hook->apply_filters('', Array)
#5 C:\xampp\htdocs\junior-salon\wp-includes\plugin.php(565): WP_Hook->do_action(Array)
#6 C:\xampp\htdocs\junior-salon\wp-cron.php(191): do_action_ref_array('action_schedule...', Array)
#7 {main}
  thrown in C:\xampp\htdocs\junior-salon\wp-content\plugins\woocommerce\packages\action-scheduler\classes\data-stores\ActionScheduler_DBStore.php on line 1128
[11-Jun-2025 08:49:01 UTC] PHP Fatal error:  Uncaught RuntimeException: Unable to release actions from claim id 0. in C:\xampp\htdocs\junior-salon\wp-content\plugins\woocommerce\packages\action-scheduler\classes\data-stores\ActionScheduler_DBStore.php:1128
Stack trace:
#0 C:\xampp\htdocs\junior-salon\wp-content\plugins\woocommerce\packages\action-scheduler\classes\data-stores\ActionScheduler_HybridStore.php(440): ActionScheduler_DBStore->release_claim(Object(ActionScheduler_ActionClaim))
#1 C:\xampp\htdocs\junior-salon\wp-content\plugins\woocommerce\packages\action-scheduler\classes\ActionScheduler_FatalErrorMonitor.php(95): ActionScheduler_HybridStore->release_claim(Object(ActionScheduler_ActionClaim))
#2 C:\xampp\htdocs\junior-salon\wp-includes\class-wp-hook.php(324): ActionScheduler_FatalErrorMonitor->handle_unexpected_shutdown('')
#3 C:\xampp\htdocs\junior-salon\wp-includes\class-wp-hook.php(348): WP_Hook->apply_filters(NULL, Array)
#4 C:\xampp\htdocs\junior-salon\wp-includes\plugin.php(517): WP_Hook->do_action(Array)
#5 C:\xampp\htdocs\junior-salon\wp-includes\load.php(1304): do_action('shutdown')
#6 [internal function]: shutdown_action_hook()
#7 {main}
  thrown in C:\xampp\htdocs\junior-salon\wp-content\plugins\woocommerce\packages\action-scheduler\classes\data-stores\ActionScheduler_DBStore.php on line 1128
[11-Jun-2025 08:49:01 UTC] SELECT   QG6dosyx_posts.*
					 FROM QG6dosyx_posts 
					 WHERE 1=1  AND QG6dosyx_posts.post_name = 'toolset-woocommerce-fields' AND QG6dosyx_posts.post_type = 'wp-types-group'
					 
					 ORDER BY QG6dosyx_posts.post_date DESC
					 
[11-Jun-2025 08:49:02 UTC] SELECT   QG6dosyx_posts.*
					 FROM QG6dosyx_posts 
					 WHERE 1=1  AND QG6dosyx_posts.post_type = 'acf-taxonomy' AND ((QG6dosyx_posts.post_status = 'publish' OR QG6dosyx_posts.post_status = 'acf-disabled'))
					 
					 ORDER BY QG6dosyx_posts.menu_order ASC, QG6dosyx_posts.post_title ASC
					 
[11-Jun-2025 08:49:02 UTC] SELECT   QG6dosyx_posts.*
					 FROM QG6dosyx_posts 
					 WHERE 1=1  AND QG6dosyx_posts.post_type = 'acf-post-type' AND ((QG6dosyx_posts.post_status = 'publish' OR QG6dosyx_posts.post_status = 'acf-disabled'))
					 
					 ORDER BY QG6dosyx_posts.menu_order ASC, QG6dosyx_posts.post_title ASC
					 
[11-Jun-2025 08:49:05 UTC] PHP Deprecated:  Automatic conversion of false to array is deprecated in C:\xampp\htdocs\junior-salon\wp-content\plugins\wpml-sticky-links\classes\class-wpml-sticky-links.php on line 19
[11-Jun-2025 08:49:08 UTC] SELECT   QG6dosyx_posts.*
					 FROM QG6dosyx_posts 
					 WHERE 1=1  AND QG6dosyx_posts.post_type = 'acf-taxonomy' AND ((QG6dosyx_posts.post_status = 'publish' OR QG6dosyx_posts.post_status = 'acf-disabled'))
					 
					 ORDER BY QG6dosyx_posts.menu_order ASC, QG6dosyx_posts.post_title ASC
					 
[11-Jun-2025 08:49:08 UTC] SELECT   QG6dosyx_posts.*
					 FROM QG6dosyx_posts 
					 WHERE 1=1  AND QG6dosyx_posts.post_type = 'acf-post-type' AND ((QG6dosyx_posts.post_status = 'publish' OR QG6dosyx_posts.post_status = 'acf-disabled'))
					 
					 ORDER BY QG6dosyx_posts.menu_order ASC, QG6dosyx_posts.post_title ASC
					 
[11-Jun-2025 08:49:27 UTC] PHP Deprecated:  Automatic conversion of false to array is deprecated in C:\xampp\htdocs\junior-salon\wp-content\plugins\wpml-sticky-links\classes\class-wpml-sticky-links.php on line 19
[11-Jun-2025 08:49:32 UTC] SELECT   QG6dosyx_posts.*
					 FROM QG6dosyx_posts 
					 WHERE 1=1  AND QG6dosyx_posts.post_type = 'acf-taxonomy' AND ((QG6dosyx_posts.post_status = 'publish' OR QG6dosyx_posts.post_status = 'acf-disabled'))
					 
					 ORDER BY QG6dosyx_posts.menu_order ASC, QG6dosyx_posts.post_title ASC
					 
[11-Jun-2025 08:49:32 UTC] SELECT   QG6dosyx_posts.*
					 FROM QG6dosyx_posts 
					 WHERE 1=1  AND QG6dosyx_posts.post_type = 'acf-post-type' AND ((QG6dosyx_posts.post_status = 'publish' OR QG6dosyx_posts.post_status = 'acf-disabled'))
					 
					 ORDER BY QG6dosyx_posts.menu_order ASC, QG6dosyx_posts.post_title ASC
					 
[11-Jun-2025 08:49:37 UTC] SELECT   QG6dosyx_posts.*
					 FROM QG6dosyx_posts  JOIN QG6dosyx_icl_translations wpml_translations
							ON QG6dosyx_posts.ID = wpml_translations.element_id
								AND wpml_translations.element_type = CONCAT('post_', QG6dosyx_posts.post_type) 
					 WHERE 1=1  AND (QG6dosyx_posts.ID = '624') AND QG6dosyx_posts.post_type = 'page' AND ( ( ( wpml_translations.language_code = 'ar' OR 0 ) AND QG6dosyx_posts.post_type  IN ('post','page','attachment','wp_block','wp_template','wp_template_part','wp_navigation','home-features-banner','testimonial','product','product_variation','shop_order_placehold','sp_accordion_faqs','sp_wp_tabs','wpforms-template' )  ) OR QG6dosyx_posts.post_type  NOT  IN ('post','page','attachment','wp_block','wp_template','wp_template_part','wp_navigation','home-features-banner','testimonial','product','product_variation','shop_order_placehold','sp_accordion_faqs','sp_wp_tabs','wpforms-template' )  )
					 
					 ORDER BY QG6dosyx_posts.post_date DESC
					 
[11-Jun-2025 08:49:38 UTC] SELECT   QG6dosyx_posts.*
					 FROM QG6dosyx_posts  JOIN QG6dosyx_icl_translations wpml_translations
							ON QG6dosyx_posts.ID = wpml_translations.element_id
								AND wpml_translations.element_type = CONCAT('post_', QG6dosyx_posts.post_type) 
					 WHERE 1=1  AND QG6dosyx_posts.post_parent = 624  AND QG6dosyx_posts.post_type = 'page' AND ((QG6dosyx_posts.post_status = 'publish')) AND ( ( ( wpml_translations.language_code = 'ar' OR 0 ) AND QG6dosyx_posts.post_type  IN ('post','page','attachment','wp_block','wp_template','wp_template_part','wp_navigation','home-features-banner','testimonial','product','product_variation','shop_order_placehold','sp_accordion_faqs','sp_wp_tabs','wpforms-template' )  ) OR QG6dosyx_posts.post_type  NOT  IN ('post','page','attachment','wp_block','wp_template','wp_template_part','wp_navigation','home-features-banner','testimonial','product','product_variation','shop_order_placehold','sp_accordion_faqs','sp_wp_tabs','wpforms-template' )  )
					 
					 ORDER BY QG6dosyx_posts.post_title ASC
					 LIMIT 0, 1
[11-Jun-2025 08:49:38 UTC] SELECT   QG6dosyx_posts.ID
					 FROM QG6dosyx_posts 
					 WHERE 1=1  AND QG6dosyx_posts.post_type = 'wpforms' AND ((QG6dosyx_posts.post_status = 'publish'))
					 
					 ORDER BY QG6dosyx_posts.post_date ASC
					 
[11-Jun-2025 08:49:38 UTC] SELECT SQL_CALC_FOUND_ROWS  QG6dosyx_posts.*
					 FROM QG6dosyx_posts  LEFT JOIN QG6dosyx_term_relationships ON (QG6dosyx_posts.ID = QG6dosyx_term_relationships.object_id) JOIN QG6dosyx_icl_translations wpml_translations
							ON QG6dosyx_posts.ID = wpml_translations.element_id
								AND wpml_translations.element_type = CONCAT('post_', QG6dosyx_posts.post_type) 
					 WHERE 1=1  AND ( 
  QG6dosyx_term_relationships.term_taxonomy_id IN (61)
) AND QG6dosyx_posts.post_type = 'product' AND ((QG6dosyx_posts.post_status = 'publish')) AND ( ( ( wpml_translations.language_code = 'ar' OR 0 ) AND QG6dosyx_posts.post_type  IN ('post','page','attachment','wp_block','wp_template','wp_template_part','wp_navigation','home-features-banner','testimonial','product','product_variation','shop_order_placehold','sp_accordion_faqs','sp_wp_tabs','wpforms-template' )  ) OR QG6dosyx_posts.post_type  NOT  IN ('post','page','attachment','wp_block','wp_template','wp_template_part','wp_navigation','home-features-banner','testimonial','product','product_variation','shop_order_placehold','sp_accordion_faqs','sp_wp_tabs','wpforms-template' )  )
					 GROUP BY QG6dosyx_posts.ID
					 ORDER BY QG6dosyx_posts.post_date DESC
					 LIMIT 0, 10
[11-Jun-2025 08:49:38 UTC] SELECT SQL_CALC_FOUND_ROWS  QG6dosyx_posts.*
					 FROM QG6dosyx_posts  LEFT JOIN QG6dosyx_term_relationships ON (QG6dosyx_posts.ID = QG6dosyx_term_relationships.object_id) JOIN QG6dosyx_icl_translations wpml_translations
							ON QG6dosyx_posts.ID = wpml_translations.element_id
								AND wpml_translations.element_type = CONCAT('post_', QG6dosyx_posts.post_type) 
					 WHERE 1=1  AND ( 
  QG6dosyx_term_relationships.term_taxonomy_id IN (64)
) AND ((QG6dosyx_posts.post_type = 'product' AND (QG6dosyx_posts.post_status = 'publish' OR QG6dosyx_posts.post_status = 'acf-disabled' 
OR QG6dosyx_posts.post_status = 'private'))) AND ( ( ( wpml_translations.language_code = 'ar' OR 0 ) AND QG6dosyx_posts.post_type  IN ('post','page','attachment','wp_block','wp_template','wp_template_part','wp_navigation','home-features-banner','testimonial','product','product_variation','shop_order_placehold','sp_accordion_faqs','sp_wp_tabs','wpforms-template' )  ) OR QG6dosyx_posts.post_type  NOT  IN ('post','page','attachment','wp_block','wp_template','wp_template_part','wp_navigation','home-features-banner','testimonial','product','product_variation','shop_order_placehold','sp_accordion_faqs','sp_wp_tabs','wpforms-template' )  )
					 GROUP BY QG6dosyx_posts.ID
					 ORDER BY QG6dosyx_posts.post_date DESC
					 LIMIT 0, 10
[11-Jun-2025 08:49:39 UTC] SELECT   QG6dosyx_posts.*
					 FROM QG6dosyx_posts 
					 WHERE 1=1  AND QG6dosyx_posts.post_type = 'acf-field' AND ((QG6dosyx_posts.post_status = 'publish')) AND QG6dosyx_posts.post_name = 'field_680f215789581'
					 
					 ORDER BY QG6dosyx_posts.menu_order ASC, QG6dosyx_posts.post_title ASC
					 LIMIT 0, 1
[11-Jun-2025 08:49:39 UTC] SELECT   QG6dosyx_posts.ID
					 FROM QG6dosyx_posts 
					 WHERE 1=1  AND QG6dosyx_posts.post_type = 'wpforms' AND ((QG6dosyx_posts.post_status = 'publish'))
					 
					 ORDER BY QG6dosyx_posts.post_date ASC
					 
[11-Jun-2025 08:49:39 UTC] SELECT SQL_CALC_FOUND_ROWS  QG6dosyx_posts.*
					 FROM QG6dosyx_posts  JOIN QG6dosyx_icl_translations wpml_translations
							ON QG6dosyx_posts.ID = wpml_translations.element_id
								AND wpml_translations.element_type = CONCAT('post_', QG6dosyx_posts.post_type) 
					 WHERE 1=1  AND ((QG6dosyx_posts.post_type = 'home-features-banner' AND (QG6dosyx_posts.post_status = 'publish' OR QG6dosyx_posts.post_status = 'acf-disabled' 
OR QG6dosyx_posts.post_status = 'private'))) AND ( ( ( wpml_translations.language_code = 'ar' OR 0 ) AND QG6dosyx_posts.post_type  IN ('post','page','attachment','wp_block','wp_template','wp_template_part','wp_navigation','home-features-banner','testimonial','product','product_variation','shop_order_placehold','sp_accordion_faqs','sp_wp_tabs','wpforms-template' )  ) OR QG6dosyx_posts.post_type  NOT  IN ('post','page','attachment','wp_block','wp_template','wp_template_part','wp_navigation','home-features-banner','testimonial','product','product_variation','shop_order_placehold','sp_accordion_faqs','sp_wp_tabs','wpforms-template' )  )
					 
					 ORDER BY QG6dosyx_posts.post_date DESC
					 LIMIT 0, 6
[11-Jun-2025 08:49:39 UTC] SELECT SQL_CALC_FOUND_ROWS  QG6dosyx_posts.*
					 FROM QG6dosyx_posts  JOIN QG6dosyx_icl_translations wpml_translations
							ON QG6dosyx_posts.ID = wpml_translations.element_id
								AND wpml_translations.element_type = CONCAT('post_', QG6dosyx_posts.post_type) 
					 WHERE 1=1  AND ((QG6dosyx_posts.post_type = 'testimonial' AND (QG6dosyx_posts.post_status = 'publish' OR QG6dosyx_posts.post_status = 'acf-disabled' 
OR QG6dosyx_posts.post_status = 'private'))) AND ( ( ( wpml_translations.language_code = 'ar' OR 0 ) AND QG6dosyx_posts.post_type  IN ('post','page','attachment','wp_block','wp_template','wp_template_part','wp_navigation','home-features-banner','testimonial','product','product_variation','shop_order_placehold','sp_accordion_faqs','sp_wp_tabs','wpforms-template' )  ) OR QG6dosyx_posts.post_type  NOT  IN ('post','page','attachment','wp_block','wp_template','wp_template_part','wp_navigation','home-features-banner','testimonial','product','product_variation','shop_order_placehold','sp_accordion_faqs','sp_wp_tabs','wpforms-template' )  )
					 
					 ORDER BY QG6dosyx_posts.post_date DESC
					 LIMIT 0, 3
[11-Jun-2025 08:49:39 UTC] SELECT   QG6dosyx_posts.*
					 FROM QG6dosyx_posts  JOIN QG6dosyx_icl_translations wpml_translations
							ON QG6dosyx_posts.ID = wpml_translations.element_id
								AND wpml_translations.element_type = CONCAT('post_', QG6dosyx_posts.post_type) 
					 WHERE 1=1  AND QG6dosyx_posts.post_type = 'post' AND ((QG6dosyx_posts.post_status = 'future')) AND ( ( ( wpml_translations.language_code = 'en' OR 0 ) AND QG6dosyx_posts.post_type  IN ('post','page','attachment','wp_block','wp_template','wp_template_part','wp_navigation','home-features-banner','testimonial','product','product_variation','shop_order_placehold','sp_accordion_faqs','sp_wp_tabs','wpforms-template' )  ) OR QG6dosyx_posts.post_type  NOT  IN ('post','page','attachment','wp_block','wp_template','wp_template_part','wp_navigation','home-features-banner','testimonial','product','product_variation','shop_order_placehold','sp_accordion_faqs','sp_wp_tabs','wpforms-template' )  )
					 
					 ORDER BY QG6dosyx_posts.post_date ASC
					 LIMIT 0, 5
[11-Jun-2025 08:49:39 UTC] SELECT   QG6dosyx_posts.*
					 FROM QG6dosyx_posts  JOIN QG6dosyx_icl_translations wpml_translations
							ON QG6dosyx_posts.ID = wpml_translations.element_id
								AND wpml_translations.element_type = CONCAT('post_', QG6dosyx_posts.post_type) 
					 WHERE 1=1  AND QG6dosyx_posts.post_type = 'post' AND ((QG6dosyx_posts.post_status = 'publish')) AND ( ( ( wpml_translations.language_code = 'en' OR 0 ) AND QG6dosyx_posts.post_type  IN ('post','page','attachment','wp_block','wp_template','wp_template_part','wp_navigation','home-features-banner','testimonial','product','product_variation','shop_order_placehold','sp_accordion_faqs','sp_wp_tabs','wpforms-template' )  ) OR QG6dosyx_posts.post_type  NOT  IN ('post','page','attachment','wp_block','wp_template','wp_template_part','wp_navigation','home-features-banner','testimonial','product','product_variation','shop_order_placehold','sp_accordion_faqs','sp_wp_tabs','wpforms-template' )  )
					 
					 ORDER BY QG6dosyx_posts.post_date DESC
					 LIMIT 0, 5
[11-Jun-2025 08:49:40 UTC] PHP Warning:  Undefined variable $start in C:\xampp\htdocs\junior-salon\wp-content\themes\junior-salon\layouts\footer.php on line 165
[11-Jun-2025 08:49:45 UTC] PHP Deprecated:  Automatic conversion of false to array is deprecated in C:\xampp\htdocs\junior-salon\wp-content\plugins\wpml-sticky-links\classes\class-wpml-sticky-links.php on line 19
[11-Jun-2025 08:49:48 UTC] SELECT   QG6dosyx_posts.*
					 FROM QG6dosyx_posts 
					 WHERE 1=1  AND QG6dosyx_posts.post_type = 'acf-field-group' AND ((QG6dosyx_posts.post_status = 'publish' OR QG6dosyx_posts.post_status = 'acf-disabled'))
					 
					 ORDER BY QG6dosyx_posts.menu_order ASC, QG6dosyx_posts.post_title ASC
					 
[11-Jun-2025 08:49:48 UTC] SELECT   QG6dosyx_posts.*
					 FROM QG6dosyx_posts 
					 WHERE 1=1  AND QG6dosyx_posts.post_type = 'acf-taxonomy' AND ((QG6dosyx_posts.post_status = 'publish' OR QG6dosyx_posts.post_status = 'acf-disabled'))
					 
					 ORDER BY QG6dosyx_posts.menu_order ASC, QG6dosyx_posts.post_title ASC
					 
[11-Jun-2025 08:49:48 UTC] SELECT   QG6dosyx_posts.*
					 FROM QG6dosyx_posts 
					 WHERE 1=1  AND QG6dosyx_posts.post_type = 'acf-post-type' AND ((QG6dosyx_posts.post_status = 'publish' OR QG6dosyx_posts.post_status = 'acf-disabled'))
					 
					 ORDER BY QG6dosyx_posts.menu_order ASC, QG6dosyx_posts.post_title ASC
					 
[11-Jun-2025 08:49:51 UTC] SELECT SQL_CALC_FOUND_ROWS  QG6dosyx_posts.*
					 FROM QG6dosyx_posts 
					 WHERE 1=1  AND ((QG6dosyx_posts.post_type = 'post' AND (QG6dosyx_posts.post_status = 'publish' OR QG6dosyx_posts.post_status = 'acf-disabled' 
OR QG6dosyx_posts.post_status = 'private')))
					 
					 ORDER BY QG6dosyx_posts.post_date DESC
					 LIMIT 0, 10
[11-Jun-2025 08:49:53 UTC] PHP Deprecated:  Automatic conversion of false to array is deprecated in C:\xampp\htdocs\junior-salon\wp-content\plugins\wpml-sticky-links\classes\class-wpml-sticky-links.php on line 19
[11-Jun-2025 08:49:55 UTC] PHP Deprecated:  Automatic conversion of false to array is deprecated in C:\xampp\htdocs\junior-salon\wp-content\plugins\wpml-sticky-links\classes\class-wpml-sticky-links.php on line 19
[11-Jun-2025 08:49:58 UTC] SELECT   QG6dosyx_posts.*
					 FROM QG6dosyx_posts 
					 WHERE 1=1  AND QG6dosyx_posts.post_type = 'acf-taxonomy' AND ((QG6dosyx_posts.post_status = 'publish' OR QG6dosyx_posts.post_status = 'acf-disabled'))
					 
					 ORDER BY QG6dosyx_posts.menu_order ASC, QG6dosyx_posts.post_title ASC
					 
[11-Jun-2025 08:49:58 UTC] SELECT   QG6dosyx_posts.*
					 FROM QG6dosyx_posts 
					 WHERE 1=1  AND QG6dosyx_posts.post_type = 'acf-post-type' AND ((QG6dosyx_posts.post_status = 'publish' OR QG6dosyx_posts.post_status = 'acf-disabled'))
					 
					 ORDER BY QG6dosyx_posts.menu_order ASC, QG6dosyx_posts.post_title ASC
					 
[11-Jun-2025 08:49:58 UTC] SELECT   QG6dosyx_posts.*
					 FROM QG6dosyx_posts 
					 WHERE 1=1  AND QG6dosyx_posts.post_type = 'acf-taxonomy' AND ((QG6dosyx_posts.post_status = 'publish' OR QG6dosyx_posts.post_status = 'acf-disabled'))
					 
					 ORDER BY QG6dosyx_posts.menu_order ASC, QG6dosyx_posts.post_title ASC
					 
[11-Jun-2025 08:49:58 UTC] SELECT   QG6dosyx_posts.*
					 FROM QG6dosyx_posts 
					 WHERE 1=1  AND QG6dosyx_posts.post_type = 'acf-post-type' AND ((QG6dosyx_posts.post_status = 'publish' OR QG6dosyx_posts.post_status = 'acf-disabled'))
					 
					 ORDER BY QG6dosyx_posts.menu_order ASC, QG6dosyx_posts.post_title ASC
					 
[11-Jun-2025 08:50:01 UTC] SELECT SQL_CALC_FOUND_ROWS  QG6dosyx_posts.*
					 FROM QG6dosyx_posts 
					 WHERE 1=1  AND ((QG6dosyx_posts.post_type = 'post' AND (QG6dosyx_posts.post_status = 'publish' OR QG6dosyx_posts.post_status = 'acf-disabled' 
OR QG6dosyx_posts.post_status = 'private')))
					 
					 ORDER BY QG6dosyx_posts.post_date DESC
					 LIMIT 0, 10
[11-Jun-2025 08:50:04 UTC] PHP Deprecated:  Automatic conversion of false to array is deprecated in C:\xampp\htdocs\junior-salon\wp-content\plugins\wpml-sticky-links\classes\class-wpml-sticky-links.php on line 19
[11-Jun-2025 08:50:05 UTC] PHP Deprecated:  Automatic conversion of false to array is deprecated in C:\xampp\htdocs\junior-salon\wp-content\plugins\wpml-sticky-links\classes\class-wpml-sticky-links.php on line 19
[11-Jun-2025 08:50:10 UTC] SELECT   QG6dosyx_posts.*
					 FROM QG6dosyx_posts 
					 WHERE 1=1  AND QG6dosyx_posts.post_type = 'acf-taxonomy' AND ((QG6dosyx_posts.post_status = 'publish' OR QG6dosyx_posts.post_status = 'acf-disabled'))
					 
					 ORDER BY QG6dosyx_posts.menu_order ASC, QG6dosyx_posts.post_title ASC
					 
[11-Jun-2025 08:50:10 UTC] SELECT   QG6dosyx_posts.*
					 FROM QG6dosyx_posts 
					 WHERE 1=1  AND QG6dosyx_posts.post_type = 'acf-post-type' AND ((QG6dosyx_posts.post_status = 'publish' OR QG6dosyx_posts.post_status = 'acf-disabled'))
					 
					 ORDER BY QG6dosyx_posts.menu_order ASC, QG6dosyx_posts.post_title ASC
					 
[11-Jun-2025 08:50:11 UTC] SELECT   QG6dosyx_posts.*
					 FROM QG6dosyx_posts 
					 WHERE 1=1  AND QG6dosyx_posts.post_type = 'acf-taxonomy' AND ((QG6dosyx_posts.post_status = 'publish' OR QG6dosyx_posts.post_status = 'acf-disabled'))
					 
					 ORDER BY QG6dosyx_posts.menu_order ASC, QG6dosyx_posts.post_title ASC
					 
[11-Jun-2025 08:50:11 UTC] SELECT   QG6dosyx_posts.*
					 FROM QG6dosyx_posts 
					 WHERE 1=1  AND QG6dosyx_posts.post_type = 'acf-post-type' AND ((QG6dosyx_posts.post_status = 'publish' OR QG6dosyx_posts.post_status = 'acf-disabled'))
					 
					 ORDER BY QG6dosyx_posts.menu_order ASC, QG6dosyx_posts.post_title ASC
					 
[11-Jun-2025 08:50:11 UTC] PHP Deprecated:  Automatic conversion of false to array is deprecated in C:\xampp\htdocs\junior-salon\wp-content\plugins\wpml-sticky-links\classes\class-wpml-sticky-links.php on line 19
[11-Jun-2025 08:50:16 UTC] PHP Fatal error:  Uncaught RuntimeException: Unable to release actions from claim id 0. in C:\xampp\htdocs\junior-salon\wp-content\plugins\woocommerce\packages\action-scheduler\classes\data-stores\ActionScheduler_DBStore.php:1128
Stack trace:
#0 C:\xampp\htdocs\junior-salon\wp-content\plugins\woocommerce\packages\action-scheduler\classes\data-stores\ActionScheduler_HybridStore.php(440): ActionScheduler_DBStore->release_claim(Object(ActionScheduler_ActionClaim))
#1 C:\xampp\htdocs\junior-salon\wp-content\plugins\woocommerce\packages\action-scheduler\classes\ActionScheduler_QueueRunner.php(195): ActionScheduler_HybridStore->release_claim(Object(ActionScheduler_ActionClaim))
#2 C:\xampp\htdocs\junior-salon\wp-content\plugins\woocommerce\packages\action-scheduler\classes\ActionScheduler_QueueRunner.php(158): ActionScheduler_QueueRunner->do_batch(25, 'WP Cron')
#3 C:\xampp\htdocs\junior-salon\wp-includes\class-wp-hook.php(324): ActionScheduler_QueueRunner->run('WP Cron')
#4 C:\xampp\htdocs\junior-salon\wp-includes\class-wp-hook.php(348): WP_Hook->apply_filters('', Array)
#5 C:\xampp\htdocs\junior-salon\wp-includes\plugin.php(565): WP_Hook->do_action(Array)
#6 C:\xampp\htdocs\junior-salon\wp-cron.php(191): do_action_ref_array('action_schedule...', Array)
#7 {main}
  thrown in C:\xampp\htdocs\junior-salon\wp-content\plugins\woocommerce\packages\action-scheduler\classes\data-stores\ActionScheduler_DBStore.php on line 1128
[11-Jun-2025 08:50:16 UTC] PHP Fatal error:  Uncaught RuntimeException: Unable to release actions from claim id 0. in C:\xampp\htdocs\junior-salon\wp-content\plugins\woocommerce\packages\action-scheduler\classes\data-stores\ActionScheduler_DBStore.php:1128
Stack trace:
#0 C:\xampp\htdocs\junior-salon\wp-content\plugins\woocommerce\packages\action-scheduler\classes\data-stores\ActionScheduler_HybridStore.php(440): ActionScheduler_DBStore->release_claim(Object(ActionScheduler_ActionClaim))
#1 C:\xampp\htdocs\junior-salon\wp-content\plugins\woocommerce\packages\action-scheduler\classes\ActionScheduler_FatalErrorMonitor.php(95): ActionScheduler_HybridStore->release_claim(Object(ActionScheduler_ActionClaim))
#2 C:\xampp\htdocs\junior-salon\wp-includes\class-wp-hook.php(324): ActionScheduler_FatalErrorMonitor->handle_unexpected_shutdown('')
#3 C:\xampp\htdocs\junior-salon\wp-includes\class-wp-hook.php(348): WP_Hook->apply_filters(NULL, Array)
#4 C:\xampp\htdocs\junior-salon\wp-includes\plugin.php(517): WP_Hook->do_action(Array)
#5 C:\xampp\htdocs\junior-salon\wp-includes\load.php(1304): do_action('shutdown')
#6 [internal function]: shutdown_action_hook()
#7 {main}
  thrown in C:\xampp\htdocs\junior-salon\wp-content\plugins\woocommerce\packages\action-scheduler\classes\data-stores\ActionScheduler_DBStore.php on line 1128
[11-Jun-2025 08:50:17 UTC] SELECT   QG6dosyx_posts.*
					 FROM QG6dosyx_posts 
					 WHERE 1=1  AND QG6dosyx_posts.post_type = 'acf-taxonomy' AND ((QG6dosyx_posts.post_status = 'publish' OR QG6dosyx_posts.post_status = 'acf-disabled'))
					 
					 ORDER BY QG6dosyx_posts.menu_order ASC, QG6dosyx_posts.post_title ASC
					 
[11-Jun-2025 08:50:17 UTC] SELECT   QG6dosyx_posts.*
					 FROM QG6dosyx_posts 
					 WHERE 1=1  AND QG6dosyx_posts.post_type = 'acf-post-type' AND ((QG6dosyx_posts.post_status = 'publish' OR QG6dosyx_posts.post_status = 'acf-disabled'))
					 
					 ORDER BY QG6dosyx_posts.menu_order ASC, QG6dosyx_posts.post_title ASC
					 
[11-Jun-2025 08:50:22 UTC] PHP Deprecated:  Automatic conversion of false to array is deprecated in C:\xampp\htdocs\junior-salon\wp-content\plugins\wpml-sticky-links\classes\class-wpml-sticky-links.php on line 19
[11-Jun-2025 08:50:25 UTC] PHP Deprecated:  Automatic conversion of false to array is deprecated in C:\xampp\htdocs\junior-salon\wp-content\plugins\wpml-sticky-links\classes\class-wpml-sticky-links.php on line 19
[11-Jun-2025 08:50:26 UTC] PHP Deprecated:  Automatic conversion of false to array is deprecated in C:\xampp\htdocs\junior-salon\wp-content\plugins\wpml-sticky-links\classes\class-wpml-sticky-links.php on line 19
[11-Jun-2025 08:50:26 UTC] SELECT   QG6dosyx_posts.*
					 FROM QG6dosyx_posts 
					 WHERE 1=1  AND QG6dosyx_posts.post_type = 'acf-taxonomy' AND ((QG6dosyx_posts.post_status = 'publish' OR QG6dosyx_posts.post_status = 'acf-disabled'))
					 
					 ORDER BY QG6dosyx_posts.menu_order ASC, QG6dosyx_posts.post_title ASC
					 
[11-Jun-2025 08:50:26 UTC] SELECT   QG6dosyx_posts.*
					 FROM QG6dosyx_posts 
					 WHERE 1=1  AND QG6dosyx_posts.post_type = 'acf-post-type' AND ((QG6dosyx_posts.post_status = 'publish' OR QG6dosyx_posts.post_status = 'acf-disabled'))
					 
					 ORDER BY QG6dosyx_posts.menu_order ASC, QG6dosyx_posts.post_title ASC
					 
[11-Jun-2025 08:50:29 UTC] SELECT   QG6dosyx_posts.*
					 FROM QG6dosyx_posts 
					 WHERE 1=1  AND QG6dosyx_posts.post_type = 'acf-taxonomy' AND ((QG6dosyx_posts.post_status = 'publish' OR QG6dosyx_posts.post_status = 'acf-disabled'))
					 
					 ORDER BY QG6dosyx_posts.menu_order ASC, QG6dosyx_posts.post_title ASC
					 
[11-Jun-2025 08:50:29 UTC] SELECT   QG6dosyx_posts.*
					 FROM QG6dosyx_posts 
					 WHERE 1=1  AND QG6dosyx_posts.post_type = 'acf-post-type' AND ((QG6dosyx_posts.post_status = 'publish' OR QG6dosyx_posts.post_status = 'acf-disabled'))
					 
					 ORDER BY QG6dosyx_posts.menu_order ASC, QG6dosyx_posts.post_title ASC
					 
[11-Jun-2025 08:50:29 UTC] SELECT   QG6dosyx_posts.*
					 FROM QG6dosyx_posts 
					 WHERE 1=1  AND QG6dosyx_posts.post_type = 'acf-taxonomy' AND ((QG6dosyx_posts.post_status = 'publish' OR QG6dosyx_posts.post_status = 'acf-disabled'))
					 
					 ORDER BY QG6dosyx_posts.menu_order ASC, QG6dosyx_posts.post_title ASC
					 
[11-Jun-2025 08:50:29 UTC] SELECT   QG6dosyx_posts.*
					 FROM QG6dosyx_posts 
					 WHERE 1=1  AND QG6dosyx_posts.post_type = 'acf-post-type' AND ((QG6dosyx_posts.post_status = 'publish' OR QG6dosyx_posts.post_status = 'acf-disabled'))
					 
					 ORDER BY QG6dosyx_posts.menu_order ASC, QG6dosyx_posts.post_title ASC
					 
[11-Jun-2025 08:50:36 UTC] PHP Deprecated:  Automatic conversion of false to array is deprecated in C:\xampp\htdocs\junior-salon\wp-content\plugins\wpml-sticky-links\classes\class-wpml-sticky-links.php on line 19
[11-Jun-2025 08:50:37 UTC] PHP Deprecated:  Automatic conversion of false to array is deprecated in C:\xampp\htdocs\junior-salon\wp-content\plugins\wpml-sticky-links\classes\class-wpml-sticky-links.php on line 19
[11-Jun-2025 08:50:39 UTC] SELECT   QG6dosyx_posts.*
					 FROM QG6dosyx_posts 
					 WHERE 1=1  AND QG6dosyx_posts.post_type = 'acf-taxonomy' AND ((QG6dosyx_posts.post_status = 'publish' OR QG6dosyx_posts.post_status = 'acf-disabled'))
					 
					 ORDER BY QG6dosyx_posts.menu_order ASC, QG6dosyx_posts.post_title ASC
					 
[11-Jun-2025 08:50:39 UTC] SELECT   QG6dosyx_posts.*
					 FROM QG6dosyx_posts 
					 WHERE 1=1  AND QG6dosyx_posts.post_type = 'acf-post-type' AND ((QG6dosyx_posts.post_status = 'publish' OR QG6dosyx_posts.post_status = 'acf-disabled'))
					 
					 ORDER BY QG6dosyx_posts.menu_order ASC, QG6dosyx_posts.post_title ASC
					 
[11-Jun-2025 08:50:40 UTC] SELECT   QG6dosyx_posts.*
					 FROM QG6dosyx_posts 
					 WHERE 1=1  AND QG6dosyx_posts.post_type = 'acf-taxonomy' AND ((QG6dosyx_posts.post_status = 'publish' OR QG6dosyx_posts.post_status = 'acf-disabled'))
					 
					 ORDER BY QG6dosyx_posts.menu_order ASC, QG6dosyx_posts.post_title ASC
					 
[11-Jun-2025 08:50:40 UTC] SELECT   QG6dosyx_posts.*
					 FROM QG6dosyx_posts 
					 WHERE 1=1  AND QG6dosyx_posts.post_type = 'acf-post-type' AND ((QG6dosyx_posts.post_status = 'publish' OR QG6dosyx_posts.post_status = 'acf-disabled'))
					 
					 ORDER BY QG6dosyx_posts.menu_order ASC, QG6dosyx_posts.post_title ASC
					 
[11-Jun-2025 08:50:42 UTC] SELECT SQL_CALC_FOUND_ROWS  QG6dosyx_posts.*
					 FROM QG6dosyx_posts 
					 WHERE 1=1  AND ((QG6dosyx_posts.post_type = 'post' AND (QG6dosyx_posts.post_status = 'publish' OR QG6dosyx_posts.post_status = 'acf-disabled' 
OR QG6dosyx_posts.post_status = 'private')))
					 
					 ORDER BY QG6dosyx_posts.post_date DESC
					 LIMIT 0, 10
[11-Jun-2025 08:50:43 UTC] SELECT SQL_CALC_FOUND_ROWS  QG6dosyx_posts.*
					 FROM QG6dosyx_posts  LEFT JOIN QG6dosyx_term_relationships ON (QG6dosyx_posts.ID = QG6dosyx_term_relationships.object_id) JOIN QG6dosyx_icl_translations wpml_translations
							ON QG6dosyx_posts.ID = wpml_translations.element_id
								AND wpml_translations.element_type = CONCAT('post_', QG6dosyx_posts.post_type) 
					 WHERE 1=1  AND ( 
  QG6dosyx_term_relationships.term_taxonomy_id IN (49)
) AND QG6dosyx_posts.post_type = 'product' AND ((QG6dosyx_posts.post_status = 'publish')) AND ( ( ( wpml_translations.language_code = 'en' OR 0 ) AND QG6dosyx_posts.post_type  IN ('post','page','attachment','wp_block','wp_template','wp_template_part','wp_navigation','home-features-banner','testimonial','product','product_variation','shop_order_placehold','sp_accordion_faqs','sp_wp_tabs','wpforms-template' )  ) OR QG6dosyx_posts.post_type  NOT  IN ('post','page','attachment','wp_block','wp_template','wp_template_part','wp_navigation','home-features-banner','testimonial','product','product_variation','shop_order_placehold','sp_accordion_faqs','sp_wp_tabs','wpforms-template' )  )
					 GROUP BY QG6dosyx_posts.ID
					 ORDER BY QG6dosyx_posts.post_date DESC
					 LIMIT 0, 10
[11-Jun-2025 08:50:43 UTC] SELECT SQL_CALC_FOUND_ROWS  QG6dosyx_posts.*
					 FROM QG6dosyx_posts  LEFT JOIN QG6dosyx_term_relationships ON (QG6dosyx_posts.ID = QG6dosyx_term_relationships.object_id) JOIN QG6dosyx_icl_translations wpml_translations
							ON QG6dosyx_posts.ID = wpml_translations.element_id
								AND wpml_translations.element_type = CONCAT('post_', QG6dosyx_posts.post_type) 
					 WHERE 1=1  AND ( 
  QG6dosyx_term_relationships.term_taxonomy_id IN (47)
) AND ((QG6dosyx_posts.post_type = 'product' AND (QG6dosyx_posts.post_status = 'publish' OR QG6dosyx_posts.post_status = 'acf-disabled' 
OR QG6dosyx_posts.post_status = 'private'))) AND ( ( ( wpml_translations.language_code = 'en' OR 0 ) AND QG6dosyx_posts.post_type  IN ('post','page','attachment','wp_block','wp_template','wp_template_part','wp_navigation','home-features-banner','testimonial','product','product_variation','shop_order_placehold','sp_accordion_faqs','sp_wp_tabs','wpforms-template' )  ) OR QG6dosyx_posts.post_type  NOT  IN ('post','page','attachment','wp_block','wp_template','wp_template_part','wp_navigation','home-features-banner','testimonial','product','product_variation','shop_order_placehold','sp_accordion_faqs','sp_wp_tabs','wpforms-template' )  )
					 GROUP BY QG6dosyx_posts.ID
					 ORDER BY QG6dosyx_posts.post_date DESC
					 LIMIT 0, 10
[11-Jun-2025 08:50:43 UTC] SELECT   QG6dosyx_posts.*
					 FROM QG6dosyx_posts 
					 WHERE 1=1  AND QG6dosyx_posts.post_type = 'acf-field' AND ((QG6dosyx_posts.post_status = 'publish')) AND QG6dosyx_posts.post_name = 'field_680f215789581'
					 
					 ORDER BY QG6dosyx_posts.menu_order ASC, QG6dosyx_posts.post_title ASC
					 LIMIT 0, 1
[11-Jun-2025 08:50:43 UTC] SELECT SQL_CALC_FOUND_ROWS  QG6dosyx_posts.*
					 FROM QG6dosyx_posts  JOIN QG6dosyx_icl_translations wpml_translations
							ON QG6dosyx_posts.ID = wpml_translations.element_id
								AND wpml_translations.element_type = CONCAT('post_', QG6dosyx_posts.post_type) 
					 WHERE 1=1  AND ((QG6dosyx_posts.post_type = 'home-features-banner' AND (QG6dosyx_posts.post_status = 'publish' OR QG6dosyx_posts.post_status = 'acf-disabled' 
OR QG6dosyx_posts.post_status = 'private'))) AND ( ( ( wpml_translations.language_code = 'en' OR 0 ) AND QG6dosyx_posts.post_type  IN ('post','page','attachment','wp_block','wp_template','wp_template_part','wp_navigation','home-features-banner','testimonial','product','product_variation','shop_order_placehold','sp_accordion_faqs','sp_wp_tabs','wpforms-template' )  ) OR QG6dosyx_posts.post_type  NOT  IN ('post','page','attachment','wp_block','wp_template','wp_template_part','wp_navigation','home-features-banner','testimonial','product','product_variation','shop_order_placehold','sp_accordion_faqs','sp_wp_tabs','wpforms-template' )  )
					 
					 ORDER BY QG6dosyx_posts.post_date DESC
					 LIMIT 0, 6
[11-Jun-2025 08:50:43 UTC] SELECT SQL_CALC_FOUND_ROWS  QG6dosyx_posts.*
					 FROM QG6dosyx_posts  JOIN QG6dosyx_icl_translations wpml_translations
							ON QG6dosyx_posts.ID = wpml_translations.element_id
								AND wpml_translations.element_type = CONCAT('post_', QG6dosyx_posts.post_type) 
					 WHERE 1=1  AND ((QG6dosyx_posts.post_type = 'testimonial' AND (QG6dosyx_posts.post_status = 'publish' OR QG6dosyx_posts.post_status = 'acf-disabled' 
OR QG6dosyx_posts.post_status = 'private'))) AND ( ( ( wpml_translations.language_code = 'en' OR 0 ) AND QG6dosyx_posts.post_type  IN ('post','page','attachment','wp_block','wp_template','wp_template_part','wp_navigation','home-features-banner','testimonial','product','product_variation','shop_order_placehold','sp_accordion_faqs','sp_wp_tabs','wpforms-template' )  ) OR QG6dosyx_posts.post_type  NOT  IN ('post','page','attachment','wp_block','wp_template','wp_template_part','wp_navigation','home-features-banner','testimonial','product','product_variation','shop_order_placehold','sp_accordion_faqs','sp_wp_tabs','wpforms-template' )  )
					 
					 ORDER BY QG6dosyx_posts.post_date DESC
					 LIMIT 0, 3
[11-Jun-2025 08:50:43 UTC] SELECT   QG6dosyx_posts.*
					 FROM QG6dosyx_posts 
					 WHERE 1=1  AND QG6dosyx_posts.post_type = 'acf-field' AND ((QG6dosyx_posts.post_status = 'publish')) AND QG6dosyx_posts.post_name = 'field_680a1f8732ede'
					 
					 ORDER BY QG6dosyx_posts.menu_order ASC, QG6dosyx_posts.post_title ASC
					 LIMIT 0, 1
[11-Jun-2025 08:50:44 UTC] PHP Warning:  Undefined variable $start in C:\xampp\htdocs\junior-salon\wp-content\themes\junior-salon\layouts\footer.php on line 165
[11-Jun-2025 08:50:45 UTC] PHP Deprecated:  Automatic conversion of false to array is deprecated in C:\xampp\htdocs\junior-salon\wp-content\plugins\wpml-sticky-links\classes\class-wpml-sticky-links.php on line 19
[11-Jun-2025 08:50:45 UTC] PHP Deprecated:  Automatic conversion of false to array is deprecated in C:\xampp\htdocs\junior-salon\wp-content\plugins\wpml-sticky-links\classes\class-wpml-sticky-links.php on line 19
[11-Jun-2025 08:50:47 UTC] PHP Deprecated:  Automatic conversion of false to array is deprecated in C:\xampp\htdocs\junior-salon\wp-content\plugins\wpml-sticky-links\classes\class-wpml-sticky-links.php on line 19
[11-Jun-2025 08:50:47 UTC] SELECT   QG6dosyx_posts.*
					 FROM QG6dosyx_posts 
					 WHERE 1=1  AND QG6dosyx_posts.post_type = 'acf-taxonomy' AND ((QG6dosyx_posts.post_status = 'publish' OR QG6dosyx_posts.post_status = 'acf-disabled'))
					 
					 ORDER BY QG6dosyx_posts.menu_order ASC, QG6dosyx_posts.post_title ASC
					 
[11-Jun-2025 08:50:47 UTC] SELECT   QG6dosyx_posts.*
					 FROM QG6dosyx_posts 
					 WHERE 1=1  AND QG6dosyx_posts.post_type = 'acf-post-type' AND ((QG6dosyx_posts.post_status = 'publish' OR QG6dosyx_posts.post_status = 'acf-disabled'))
					 
					 ORDER BY QG6dosyx_posts.menu_order ASC, QG6dosyx_posts.post_title ASC
					 
[11-Jun-2025 08:50:48 UTC] SELECT   QG6dosyx_posts.*
					 FROM QG6dosyx_posts 
					 WHERE 1=1  AND QG6dosyx_posts.post_type = 'acf-taxonomy' AND ((QG6dosyx_posts.post_status = 'publish' OR QG6dosyx_posts.post_status = 'acf-disabled'))
					 
					 ORDER BY QG6dosyx_posts.menu_order ASC, QG6dosyx_posts.post_title ASC
					 
[11-Jun-2025 08:50:48 UTC] SELECT   QG6dosyx_posts.*
					 FROM QG6dosyx_posts 
					 WHERE 1=1  AND QG6dosyx_posts.post_type = 'acf-post-type' AND ((QG6dosyx_posts.post_status = 'publish' OR QG6dosyx_posts.post_status = 'acf-disabled'))
					 
					 ORDER BY QG6dosyx_posts.menu_order ASC, QG6dosyx_posts.post_title ASC
					 
[11-Jun-2025 08:50:49 UTC] SELECT SQL_CALC_FOUND_ROWS  QG6dosyx_posts.*
					 FROM QG6dosyx_posts 
					 WHERE 1=1  AND ((QG6dosyx_posts.post_type = 'post' AND (QG6dosyx_posts.post_status = 'publish' OR QG6dosyx_posts.post_status = 'acf-disabled' 
OR QG6dosyx_posts.post_status = 'private')))
					 
					 ORDER BY QG6dosyx_posts.post_date DESC
					 LIMIT 0, 10
[11-Jun-2025 08:50:49 UTC] SELECT SQL_CALC_FOUND_ROWS  QG6dosyx_posts.*
					 FROM QG6dosyx_posts 
					 WHERE 1=1  AND ((QG6dosyx_posts.post_type = 'post' AND (QG6dosyx_posts.post_status = 'publish' OR QG6dosyx_posts.post_status = 'acf-disabled' 
OR QG6dosyx_posts.post_status = 'private')))
					 
					 ORDER BY QG6dosyx_posts.post_date DESC
					 LIMIT 0, 10
[11-Jun-2025 08:50:50 UTC] SELECT SQL_CALC_FOUND_ROWS  QG6dosyx_posts.*
					 FROM QG6dosyx_posts  LEFT JOIN QG6dosyx_term_relationships ON (QG6dosyx_posts.ID = QG6dosyx_term_relationships.object_id) JOIN QG6dosyx_icl_translations wpml_translations
							ON QG6dosyx_posts.ID = wpml_translations.element_id
								AND wpml_translations.element_type = CONCAT('post_', QG6dosyx_posts.post_type) 
					 WHERE 1=1  AND ( 
  QG6dosyx_term_relationships.term_taxonomy_id IN (49)
) AND QG6dosyx_posts.post_type = 'product' AND ((QG6dosyx_posts.post_status = 'publish')) AND ( ( ( wpml_translations.language_code = 'en' OR 0 ) AND QG6dosyx_posts.post_type  IN ('post','page','attachment','wp_block','wp_template','wp_template_part','wp_navigation','home-features-banner','testimonial','product','product_variation','shop_order_placehold','sp_accordion_faqs','sp_wp_tabs','wpforms-template' )  ) OR QG6dosyx_posts.post_type  NOT  IN ('post','page','attachment','wp_block','wp_template','wp_template_part','wp_navigation','home-features-banner','testimonial','product','product_variation','shop_order_placehold','sp_accordion_faqs','sp_wp_tabs','wpforms-template' )  )
					 GROUP BY QG6dosyx_posts.ID
					 ORDER BY QG6dosyx_posts.post_date DESC
					 LIMIT 0, 10
[11-Jun-2025 08:50:51 UTC] SELECT SQL_CALC_FOUND_ROWS  QG6dosyx_posts.*
					 FROM QG6dosyx_posts  LEFT JOIN QG6dosyx_term_relationships ON (QG6dosyx_posts.ID = QG6dosyx_term_relationships.object_id) JOIN QG6dosyx_icl_translations wpml_translations
							ON QG6dosyx_posts.ID = wpml_translations.element_id
								AND wpml_translations.element_type = CONCAT('post_', QG6dosyx_posts.post_type) 
					 WHERE 1=1  AND ( 
  QG6dosyx_term_relationships.term_taxonomy_id IN (47)
) AND ((QG6dosyx_posts.post_type = 'product' AND (QG6dosyx_posts.post_status = 'publish' OR QG6dosyx_posts.post_status = 'acf-disabled' 
OR QG6dosyx_posts.post_status = 'private'))) AND ( ( ( wpml_translations.language_code = 'en' OR 0 ) AND QG6dosyx_posts.post_type  IN ('post','page','attachment','wp_block','wp_template','wp_template_part','wp_navigation','home-features-banner','testimonial','product','product_variation','shop_order_placehold','sp_accordion_faqs','sp_wp_tabs','wpforms-template' )  ) OR QG6dosyx_posts.post_type  NOT  IN ('post','page','attachment','wp_block','wp_template','wp_template_part','wp_navigation','home-features-banner','testimonial','product','product_variation','shop_order_placehold','sp_accordion_faqs','sp_wp_tabs','wpforms-template' )  )
					 GROUP BY QG6dosyx_posts.ID
					 ORDER BY QG6dosyx_posts.post_date DESC
					 LIMIT 0, 10
[11-Jun-2025 08:50:51 UTC] SELECT   QG6dosyx_posts.*
					 FROM QG6dosyx_posts 
					 WHERE 1=1  AND QG6dosyx_posts.post_type = 'acf-field' AND ((QG6dosyx_posts.post_status = 'publish')) AND QG6dosyx_posts.post_name = 'field_680f215789581'
					 
					 ORDER BY QG6dosyx_posts.menu_order ASC, QG6dosyx_posts.post_title ASC
					 LIMIT 0, 1
[11-Jun-2025 08:50:51 UTC] SELECT SQL_CALC_FOUND_ROWS  QG6dosyx_posts.*
					 FROM QG6dosyx_posts  JOIN QG6dosyx_icl_translations wpml_translations
							ON QG6dosyx_posts.ID = wpml_translations.element_id
								AND wpml_translations.element_type = CONCAT('post_', QG6dosyx_posts.post_type) 
					 WHERE 1=1  AND ((QG6dosyx_posts.post_type = 'home-features-banner' AND (QG6dosyx_posts.post_status = 'publish' OR QG6dosyx_posts.post_status = 'acf-disabled' 
OR QG6dosyx_posts.post_status = 'private'))) AND ( ( ( wpml_translations.language_code = 'en' OR 0 ) AND QG6dosyx_posts.post_type  IN ('post','page','attachment','wp_block','wp_template','wp_template_part','wp_navigation','home-features-banner','testimonial','product','product_variation','shop_order_placehold','sp_accordion_faqs','sp_wp_tabs','wpforms-template' )  ) OR QG6dosyx_posts.post_type  NOT  IN ('post','page','attachment','wp_block','wp_template','wp_template_part','wp_navigation','home-features-banner','testimonial','product','product_variation','shop_order_placehold','sp_accordion_faqs','sp_wp_tabs','wpforms-template' )  )
					 
					 ORDER BY QG6dosyx_posts.post_date DESC
					 LIMIT 0, 6
[11-Jun-2025 08:50:51 UTC] SELECT   QG6dosyx_posts.*
					 FROM QG6dosyx_posts 
					 WHERE 1=1  AND QG6dosyx_posts.post_type = 'acf-taxonomy' AND ((QG6dosyx_posts.post_status = 'publish' OR QG6dosyx_posts.post_status = 'acf-disabled'))
					 
					 ORDER BY QG6dosyx_posts.menu_order ASC, QG6dosyx_posts.post_title ASC
					 
[11-Jun-2025 08:50:51 UTC] SELECT   QG6dosyx_posts.*
					 FROM QG6dosyx_posts 
					 WHERE 1=1  AND QG6dosyx_posts.post_type = 'acf-post-type' AND ((QG6dosyx_posts.post_status = 'publish' OR QG6dosyx_posts.post_status = 'acf-disabled'))
					 
					 ORDER BY QG6dosyx_posts.menu_order ASC, QG6dosyx_posts.post_title ASC
					 
[11-Jun-2025 08:50:51 UTC] SELECT SQL_CALC_FOUND_ROWS  QG6dosyx_posts.*
					 FROM QG6dosyx_posts  JOIN QG6dosyx_icl_translations wpml_translations
							ON QG6dosyx_posts.ID = wpml_translations.element_id
								AND wpml_translations.element_type = CONCAT('post_', QG6dosyx_posts.post_type) 
					 WHERE 1=1  AND ((QG6dosyx_posts.post_type = 'testimonial' AND (QG6dosyx_posts.post_status = 'publish' OR QG6dosyx_posts.post_status = 'acf-disabled' 
OR QG6dosyx_posts.post_status = 'private'))) AND ( ( ( wpml_translations.language_code = 'en' OR 0 ) AND QG6dosyx_posts.post_type  IN ('post','page','attachment','wp_block','wp_template','wp_template_part','wp_navigation','home-features-banner','testimonial','product','product_variation','shop_order_placehold','sp_accordion_faqs','sp_wp_tabs','wpforms-template' )  ) OR QG6dosyx_posts.post_type  NOT  IN ('post','page','attachment','wp_block','wp_template','wp_template_part','wp_navigation','home-features-banner','testimonial','product','product_variation','shop_order_placehold','sp_accordion_faqs','sp_wp_tabs','wpforms-template' )  )
					 
					 ORDER BY QG6dosyx_posts.post_date DESC
					 LIMIT 0, 3
[11-Jun-2025 08:50:51 UTC] SELECT   QG6dosyx_posts.*
					 FROM QG6dosyx_posts 
					 WHERE 1=1  AND QG6dosyx_posts.post_type = 'acf-field' AND ((QG6dosyx_posts.post_status = 'publish')) AND QG6dosyx_posts.post_name = 'field_680a1f8732ede'
					 
					 ORDER BY QG6dosyx_posts.menu_order ASC, QG6dosyx_posts.post_title ASC
					 LIMIT 0, 1
[11-Jun-2025 08:50:52 UTC] PHP Warning:  Undefined variable $start in C:\xampp\htdocs\junior-salon\wp-content\themes\junior-salon\layouts\footer.php on line 165
[11-Jun-2025 08:50:53 UTC] PHP Deprecated:  Automatic conversion of false to array is deprecated in C:\xampp\htdocs\junior-salon\wp-content\plugins\wpml-sticky-links\classes\class-wpml-sticky-links.php on line 19
[11-Jun-2025 08:50:55 UTC] SELECT   QG6dosyx_posts.*
					 FROM QG6dosyx_posts 
					 WHERE 1=1  AND QG6dosyx_posts.post_type = 'acf-taxonomy' AND ((QG6dosyx_posts.post_status = 'publish' OR QG6dosyx_posts.post_status = 'acf-disabled'))
					 
					 ORDER BY QG6dosyx_posts.menu_order ASC, QG6dosyx_posts.post_title ASC
					 
[11-Jun-2025 08:50:55 UTC] SELECT   QG6dosyx_posts.*
					 FROM QG6dosyx_posts 
					 WHERE 1=1  AND QG6dosyx_posts.post_type = 'acf-post-type' AND ((QG6dosyx_posts.post_status = 'publish' OR QG6dosyx_posts.post_status = 'acf-disabled'))
					 
					 ORDER BY QG6dosyx_posts.menu_order ASC, QG6dosyx_posts.post_title ASC
					 
[11-Jun-2025 08:50:57 UTC] SELECT SQL_CALC_FOUND_ROWS  QG6dosyx_posts.*
					 FROM QG6dosyx_posts 
					 WHERE 1=1  AND ((QG6dosyx_posts.post_type = 'post' AND (QG6dosyx_posts.post_status = 'publish' OR QG6dosyx_posts.post_status = 'acf-disabled' 
OR QG6dosyx_posts.post_status = 'private')))
					 
					 ORDER BY QG6dosyx_posts.post_date DESC
					 LIMIT 0, 10
[11-Jun-2025 08:51:00 UTC] PHP Deprecated:  Automatic conversion of false to array is deprecated in C:\xampp\htdocs\junior-salon\wp-content\plugins\wpml-sticky-links\classes\class-wpml-sticky-links.php on line 19
[11-Jun-2025 08:51:02 UTC] PHP Deprecated:  Automatic conversion of false to array is deprecated in C:\xampp\htdocs\junior-salon\wp-content\plugins\wpml-sticky-links\classes\class-wpml-sticky-links.php on line 19
[11-Jun-2025 08:51:04 UTC] SELECT   QG6dosyx_posts.*
					 FROM QG6dosyx_posts 
					 WHERE 1=1  AND QG6dosyx_posts.post_type = 'acf-taxonomy' AND ((QG6dosyx_posts.post_status = 'publish' OR QG6dosyx_posts.post_status = 'acf-disabled'))
					 
					 ORDER BY QG6dosyx_posts.menu_order ASC, QG6dosyx_posts.post_title ASC
					 
[11-Jun-2025 08:51:04 UTC] SELECT   QG6dosyx_posts.*
					 FROM QG6dosyx_posts 
					 WHERE 1=1  AND QG6dosyx_posts.post_type = 'acf-post-type' AND ((QG6dosyx_posts.post_status = 'publish' OR QG6dosyx_posts.post_status = 'acf-disabled'))
					 
					 ORDER BY QG6dosyx_posts.menu_order ASC, QG6dosyx_posts.post_title ASC
					 
[11-Jun-2025 08:51:05 UTC] SELECT   QG6dosyx_posts.*
					 FROM QG6dosyx_posts 
					 WHERE 1=1  AND QG6dosyx_posts.post_type = 'acf-taxonomy' AND ((QG6dosyx_posts.post_status = 'publish' OR QG6dosyx_posts.post_status = 'acf-disabled'))
					 
					 ORDER BY QG6dosyx_posts.menu_order ASC, QG6dosyx_posts.post_title ASC
					 
[11-Jun-2025 08:51:05 UTC] SELECT   QG6dosyx_posts.*
					 FROM QG6dosyx_posts 
					 WHERE 1=1  AND QG6dosyx_posts.post_type = 'acf-post-type' AND ((QG6dosyx_posts.post_status = 'publish' OR QG6dosyx_posts.post_status = 'acf-disabled'))
					 
					 ORDER BY QG6dosyx_posts.menu_order ASC, QG6dosyx_posts.post_title ASC
					 
[11-Jun-2025 08:51:08 UTC] PHP Deprecated:  Automatic conversion of false to array is deprecated in C:\xampp\htdocs\junior-salon\wp-content\plugins\wpml-sticky-links\classes\class-wpml-sticky-links.php on line 19
[11-Jun-2025 08:51:09 UTC] PHP Deprecated:  Automatic conversion of false to array is deprecated in C:\xampp\htdocs\junior-salon\wp-content\plugins\wpml-sticky-links\classes\class-wpml-sticky-links.php on line 19
[11-Jun-2025 08:51:10 UTC] PHP Deprecated:  Automatic conversion of false to array is deprecated in C:\xampp\htdocs\junior-salon\wp-content\plugins\wpml-sticky-links\classes\class-wpml-sticky-links.php on line 19
[11-Jun-2025 08:51:11 UTC] SELECT   QG6dosyx_posts.*
					 FROM QG6dosyx_posts 
					 WHERE 1=1  AND QG6dosyx_posts.post_type = 'acf-taxonomy' AND ((QG6dosyx_posts.post_status = 'publish' OR QG6dosyx_posts.post_status = 'acf-disabled'))
					 
					 ORDER BY QG6dosyx_posts.menu_order ASC, QG6dosyx_posts.post_title ASC
					 
[11-Jun-2025 08:51:11 UTC] SELECT   QG6dosyx_posts.*
					 FROM QG6dosyx_posts 
					 WHERE 1=1  AND QG6dosyx_posts.post_type = 'acf-post-type' AND ((QG6dosyx_posts.post_status = 'publish' OR QG6dosyx_posts.post_status = 'acf-disabled'))
					 
					 ORDER BY QG6dosyx_posts.menu_order ASC, QG6dosyx_posts.post_title ASC
					 
[11-Jun-2025 08:51:12 UTC] SELECT   QG6dosyx_posts.*
					 FROM QG6dosyx_posts 
					 WHERE 1=1  AND QG6dosyx_posts.post_type = 'acf-taxonomy' AND ((QG6dosyx_posts.post_status = 'publish' OR QG6dosyx_posts.post_status = 'acf-disabled'))
					 
					 ORDER BY QG6dosyx_posts.menu_order ASC, QG6dosyx_posts.post_title ASC
					 
[11-Jun-2025 08:51:12 UTC] SELECT   QG6dosyx_posts.*
					 FROM QG6dosyx_posts 
					 WHERE 1=1  AND QG6dosyx_posts.post_type = 'acf-post-type' AND ((QG6dosyx_posts.post_status = 'publish' OR QG6dosyx_posts.post_status = 'acf-disabled'))
					 
					 ORDER BY QG6dosyx_posts.menu_order ASC, QG6dosyx_posts.post_title ASC
					 
[11-Jun-2025 08:51:13 UTC] SELECT   QG6dosyx_posts.*
					 FROM QG6dosyx_posts 
					 WHERE 1=1  AND QG6dosyx_posts.post_type = 'acf-taxonomy' AND ((QG6dosyx_posts.post_status = 'publish' OR QG6dosyx_posts.post_status = 'acf-disabled'))
					 
					 ORDER BY QG6dosyx_posts.menu_order ASC, QG6dosyx_posts.post_title ASC
					 
[11-Jun-2025 08:51:13 UTC] SELECT   QG6dosyx_posts.*
					 FROM QG6dosyx_posts 
					 WHERE 1=1  AND QG6dosyx_posts.post_type = 'acf-post-type' AND ((QG6dosyx_posts.post_status = 'publish' OR QG6dosyx_posts.post_status = 'acf-disabled'))
					 
					 ORDER BY QG6dosyx_posts.menu_order ASC, QG6dosyx_posts.post_title ASC
					 
[11-Jun-2025 08:51:13 UTC] WordPress database error Duplicate entry '0' for key 'PRIMARY' for query INSERT INTO `QG6dosyx_actionscheduler_claims` (`date_created_gmt`) VALUES ('2025-06-11 08:51:13') made by do_action_ref_array('action_scheduler_run_queue'), WP_Hook->do_action, WP_Hook->apply_filters, ActionScheduler_QueueRunner->run, ActionScheduler_QueueRunner->do_batch, ActionScheduler_HybridStore->stake_claim, ActionScheduler_DBStore->stake_claim, ActionScheduler_DBStore->generate_claim_id
[11-Jun-2025 08:51:15 UTC] PHP Fatal error:  Uncaught RuntimeException: Unable to release actions from claim id 0. in C:\xampp\htdocs\junior-salon\wp-content\plugins\woocommerce\packages\action-scheduler\classes\data-stores\ActionScheduler_DBStore.php:1128
Stack trace:
#0 C:\xampp\htdocs\junior-salon\wp-content\plugins\woocommerce\packages\action-scheduler\classes\data-stores\ActionScheduler_HybridStore.php(440): ActionScheduler_DBStore->release_claim(Object(ActionScheduler_ActionClaim))
#1 C:\xampp\htdocs\junior-salon\wp-content\plugins\woocommerce\packages\action-scheduler\classes\ActionScheduler_QueueRunner.php(195): ActionScheduler_HybridStore->release_claim(Object(ActionScheduler_ActionClaim))
#2 C:\xampp\htdocs\junior-salon\wp-content\plugins\woocommerce\packages\action-scheduler\classes\ActionScheduler_QueueRunner.php(158): ActionScheduler_QueueRunner->do_batch(25, 'WP Cron')
#3 C:\xampp\htdocs\junior-salon\wp-includes\class-wp-hook.php(324): ActionScheduler_QueueRunner->run('WP Cron')
#4 C:\xampp\htdocs\junior-salon\wp-includes\class-wp-hook.php(348): WP_Hook->apply_filters('', Array)
#5 C:\xampp\htdocs\junior-salon\wp-includes\plugin.php(565): WP_Hook->do_action(Array)
#6 C:\xampp\htdocs\junior-salon\wp-cron.php(191): do_action_ref_array('action_schedule...', Array)
#7 {main}
  thrown in C:\xampp\htdocs\junior-salon\wp-content\plugins\woocommerce\packages\action-scheduler\classes\data-stores\ActionScheduler_DBStore.php on line 1128
[11-Jun-2025 08:51:15 UTC] PHP Fatal error:  Uncaught RuntimeException: Unable to release actions from claim id 0. in C:\xampp\htdocs\junior-salon\wp-content\plugins\woocommerce\packages\action-scheduler\classes\data-stores\ActionScheduler_DBStore.php:1128
Stack trace:
#0 C:\xampp\htdocs\junior-salon\wp-content\plugins\woocommerce\packages\action-scheduler\classes\data-stores\ActionScheduler_HybridStore.php(440): ActionScheduler_DBStore->release_claim(Object(ActionScheduler_ActionClaim))
#1 C:\xampp\htdocs\junior-salon\wp-content\plugins\woocommerce\packages\action-scheduler\classes\ActionScheduler_FatalErrorMonitor.php(95): ActionScheduler_HybridStore->release_claim(Object(ActionScheduler_ActionClaim))
#2 C:\xampp\htdocs\junior-salon\wp-includes\class-wp-hook.php(324): ActionScheduler_FatalErrorMonitor->handle_unexpected_shutdown('')
#3 C:\xampp\htdocs\junior-salon\wp-includes\class-wp-hook.php(348): WP_Hook->apply_filters(NULL, Array)
#4 C:\xampp\htdocs\junior-salon\wp-includes\plugin.php(517): WP_Hook->do_action(Array)
#5 C:\xampp\htdocs\junior-salon\wp-includes\load.php(1304): do_action('shutdown')
#6 [internal function]: shutdown_action_hook()
#7 {main}
  thrown in C:\xampp\htdocs\junior-salon\wp-content\plugins\woocommerce\packages\action-scheduler\classes\data-stores\ActionScheduler_DBStore.php on line 1128
[11-Jun-2025 08:51:15 UTC] PHP Fatal error:  Uncaught RuntimeException: Unable to release actions from claim id 0. in C:\xampp\htdocs\junior-salon\wp-content\plugins\woocommerce\packages\action-scheduler\classes\data-stores\ActionScheduler_DBStore.php:1128
Stack trace:
#0 C:\xampp\htdocs\junior-salon\wp-content\plugins\woocommerce\packages\action-scheduler\classes\data-stores\ActionScheduler_HybridStore.php(440): ActionScheduler_DBStore->release_claim(Object(ActionScheduler_ActionClaim))
#1 C:\xampp\htdocs\junior-salon\wp-content\plugins\woocommerce\packages\action-scheduler\classes\ActionScheduler_QueueRunner.php(195): ActionScheduler_HybridStore->release_claim(Object(ActionScheduler_ActionClaim))
#2 C:\xampp\htdocs\junior-salon\wp-content\plugins\woocommerce\packages\action-scheduler\classes\ActionScheduler_QueueRunner.php(158): ActionScheduler_QueueRunner->do_batch(25, 'WP Cron')
#3 C:\xampp\htdocs\junior-salon\wp-includes\class-wp-hook.php(324): ActionScheduler_QueueRunner->run('WP Cron')
#4 C:\xampp\htdocs\junior-salon\wp-includes\class-wp-hook.php(348): WP_Hook->apply_filters('', Array)
#5 C:\xampp\htdocs\junior-salon\wp-includes\plugin.php(565): WP_Hook->do_action(Array)
#6 C:\xampp\htdocs\junior-salon\wp-cron.php(191): do_action_ref_array('action_schedule...', Array)
#7 {main}
  thrown in C:\xampp\htdocs\junior-salon\wp-content\plugins\woocommerce\packages\action-scheduler\classes\data-stores\ActionScheduler_DBStore.php on line 1128
[11-Jun-2025 08:51:15 UTC] PHP Fatal error:  Uncaught RuntimeException: Unable to release actions from claim id 0. in C:\xampp\htdocs\junior-salon\wp-content\plugins\woocommerce\packages\action-scheduler\classes\data-stores\ActionScheduler_DBStore.php:1128
Stack trace:
#0 C:\xampp\htdocs\junior-salon\wp-content\plugins\woocommerce\packages\action-scheduler\classes\data-stores\ActionScheduler_HybridStore.php(440): ActionScheduler_DBStore->release_claim(Object(ActionScheduler_ActionClaim))
#1 C:\xampp\htdocs\junior-salon\wp-content\plugins\woocommerce\packages\action-scheduler\classes\ActionScheduler_FatalErrorMonitor.php(95): ActionScheduler_HybridStore->release_claim(Object(ActionScheduler_ActionClaim))
#2 C:\xampp\htdocs\junior-salon\wp-includes\class-wp-hook.php(324): ActionScheduler_FatalErrorMonitor->handle_unexpected_shutdown('')
#3 C:\xampp\htdocs\junior-salon\wp-includes\class-wp-hook.php(348): WP_Hook->apply_filters(NULL, Array)
#4 C:\xampp\htdocs\junior-salon\wp-includes\plugin.php(517): WP_Hook->do_action(Array)
#5 C:\xampp\htdocs\junior-salon\wp-includes\load.php(1304): do_action('shutdown')
#6 [internal function]: shutdown_action_hook()
#7 {main}
  thrown in C:\xampp\htdocs\junior-salon\wp-content\plugins\woocommerce\packages\action-scheduler\classes\data-stores\ActionScheduler_DBStore.php on line 1128
[11-Jun-2025 08:52:21 UTC] PHP Deprecated:  Automatic conversion of false to array is deprecated in C:\xampp\htdocs\junior-salon\wp-content\plugins\wpml-sticky-links\classes\class-wpml-sticky-links.php on line 19
[11-Jun-2025 08:52:23 UTC] SELECT   QG6dosyx_posts.*
					 FROM QG6dosyx_posts 
					 WHERE 1=1  AND QG6dosyx_posts.post_type = 'acf-taxonomy' AND ((QG6dosyx_posts.post_status = 'publish' OR QG6dosyx_posts.post_status = 'acf-disabled'))
					 
					 ORDER BY QG6dosyx_posts.menu_order ASC, QG6dosyx_posts.post_title ASC
					 
[11-Jun-2025 08:52:23 UTC] SELECT   QG6dosyx_posts.*
					 FROM QG6dosyx_posts 
					 WHERE 1=1  AND QG6dosyx_posts.post_type = 'acf-post-type' AND ((QG6dosyx_posts.post_status = 'publish' OR QG6dosyx_posts.post_status = 'acf-disabled'))
					 
					 ORDER BY QG6dosyx_posts.menu_order ASC, QG6dosyx_posts.post_title ASC
					 
[11-Jun-2025 08:52:27 UTC] PHP Deprecated:  Automatic conversion of false to array is deprecated in C:\xampp\htdocs\junior-salon\wp-content\plugins\wpml-sticky-links\classes\class-wpml-sticky-links.php on line 19
[11-Jun-2025 08:52:30 UTC] PHP Deprecated:  Automatic conversion of false to array is deprecated in C:\xampp\htdocs\junior-salon\wp-content\plugins\wpml-sticky-links\classes\class-wpml-sticky-links.php on line 19
[11-Jun-2025 08:52:30 UTC] SELECT   QG6dosyx_posts.*
					 FROM QG6dosyx_posts 
					 WHERE 1=1  AND QG6dosyx_posts.post_type = 'acf-taxonomy' AND ((QG6dosyx_posts.post_status = 'publish' OR QG6dosyx_posts.post_status = 'acf-disabled'))
					 
					 ORDER BY QG6dosyx_posts.menu_order ASC, QG6dosyx_posts.post_title ASC
					 
[11-Jun-2025 08:52:30 UTC] SELECT   QG6dosyx_posts.*
					 FROM QG6dosyx_posts 
					 WHERE 1=1  AND QG6dosyx_posts.post_type = 'acf-post-type' AND ((QG6dosyx_posts.post_status = 'publish' OR QG6dosyx_posts.post_status = 'acf-disabled'))
					 
					 ORDER BY QG6dosyx_posts.menu_order ASC, QG6dosyx_posts.post_title ASC
					 
[11-Jun-2025 08:52:33 UTC] SELECT   QG6dosyx_posts.*
					 FROM QG6dosyx_posts 
					 WHERE 1=1  AND QG6dosyx_posts.post_type = 'acf-taxonomy' AND ((QG6dosyx_posts.post_status = 'publish' OR QG6dosyx_posts.post_status = 'acf-disabled'))
					 
					 ORDER BY QG6dosyx_posts.menu_order ASC, QG6dosyx_posts.post_title ASC
					 
[11-Jun-2025 08:52:33 UTC] PHP Fatal error:  Uncaught RuntimeException: Unable to release actions from claim id 0. in C:\xampp\htdocs\junior-salon\wp-content\plugins\woocommerce\packages\action-scheduler\classes\data-stores\ActionScheduler_DBStore.php:1128
Stack trace:
#0 C:\xampp\htdocs\junior-salon\wp-content\plugins\woocommerce\packages\action-scheduler\classes\data-stores\ActionScheduler_HybridStore.php(440): ActionScheduler_DBStore->release_claim(Object(ActionScheduler_ActionClaim))
#1 C:\xampp\htdocs\junior-salon\wp-content\plugins\woocommerce\packages\action-scheduler\classes\ActionScheduler_QueueRunner.php(195): ActionScheduler_HybridStore->release_claim(Object(ActionScheduler_ActionClaim))
#2 C:\xampp\htdocs\junior-salon\wp-content\plugins\woocommerce\packages\action-scheduler\classes\ActionScheduler_QueueRunner.php(158): ActionScheduler_QueueRunner->do_batch(25, 'WP Cron')
#3 C:\xampp\htdocs\junior-salon\wp-includes\class-wp-hook.php(324): ActionScheduler_QueueRunner->run('WP Cron')
#4 C:\xampp\htdocs\junior-salon\wp-includes\class-wp-hook.php(348): WP_Hook->apply_filters('', Array)
#5 C:\xampp\htdocs\junior-salon\wp-includes\plugin.php(565): WP_Hook->do_action(Array)
#6 C:\xampp\htdocs\junior-salon\wp-cron.php(191): do_action_ref_array('action_schedule...', Array)
#7 {main}
  thrown in C:\xampp\htdocs\junior-salon\wp-content\plugins\woocommerce\packages\action-scheduler\classes\data-stores\ActionScheduler_DBStore.php on line 1128
[11-Jun-2025 08:52:33 UTC] SELECT   QG6dosyx_posts.*
					 FROM QG6dosyx_posts 
					 WHERE 1=1  AND QG6dosyx_posts.post_type = 'acf-post-type' AND ((QG6dosyx_posts.post_status = 'publish' OR QG6dosyx_posts.post_status = 'acf-disabled'))
					 
					 ORDER BY QG6dosyx_posts.menu_order ASC, QG6dosyx_posts.post_title ASC
					 
[11-Jun-2025 08:52:33 UTC] PHP Fatal error:  Uncaught RuntimeException: Unable to release actions from claim id 0. in C:\xampp\htdocs\junior-salon\wp-content\plugins\woocommerce\packages\action-scheduler\classes\data-stores\ActionScheduler_DBStore.php:1128
Stack trace:
#0 C:\xampp\htdocs\junior-salon\wp-content\plugins\woocommerce\packages\action-scheduler\classes\data-stores\ActionScheduler_HybridStore.php(440): ActionScheduler_DBStore->release_claim(Object(ActionScheduler_ActionClaim))
#1 C:\xampp\htdocs\junior-salon\wp-content\plugins\woocommerce\packages\action-scheduler\classes\ActionScheduler_FatalErrorMonitor.php(95): ActionScheduler_HybridStore->release_claim(Object(ActionScheduler_ActionClaim))
#2 C:\xampp\htdocs\junior-salon\wp-includes\class-wp-hook.php(324): ActionScheduler_FatalErrorMonitor->handle_unexpected_shutdown('')
#3 C:\xampp\htdocs\junior-salon\wp-includes\class-wp-hook.php(348): WP_Hook->apply_filters(NULL, Array)
#4 C:\xampp\htdocs\junior-salon\wp-includes\plugin.php(517): WP_Hook->do_action(Array)
#5 C:\xampp\htdocs\junior-salon\wp-includes\load.php(1304): do_action('shutdown')
#6 [internal function]: shutdown_action_hook()
#7 {main}
  thrown in C:\xampp\htdocs\junior-salon\wp-content\plugins\woocommerce\packages\action-scheduler\classes\data-stores\ActionScheduler_DBStore.php on line 1128
[11-Jun-2025 08:53:21 UTC] PHP Deprecated:  Automatic conversion of false to array is deprecated in C:\xampp\htdocs\junior-salon\wp-content\plugins\wpml-sticky-links\classes\class-wpml-sticky-links.php on line 19
[11-Jun-2025 08:53:22 UTC] PHP Deprecated:  Automatic conversion of false to array is deprecated in C:\xampp\htdocs\junior-salon\wp-content\plugins\wpml-sticky-links\classes\class-wpml-sticky-links.php on line 19
[11-Jun-2025 08:53:24 UTC] SELECT   QG6dosyx_posts.*
					 FROM QG6dosyx_posts 
					 WHERE 1=1  AND QG6dosyx_posts.post_type = 'acf-taxonomy' AND ((QG6dosyx_posts.post_status = 'publish' OR QG6dosyx_posts.post_status = 'acf-disabled'))
					 
					 ORDER BY QG6dosyx_posts.menu_order ASC, QG6dosyx_posts.post_title ASC
					 
[11-Jun-2025 08:53:24 UTC] SELECT   QG6dosyx_posts.*
					 FROM QG6dosyx_posts 
					 WHERE 1=1  AND QG6dosyx_posts.post_type = 'acf-post-type' AND ((QG6dosyx_posts.post_status = 'publish' OR QG6dosyx_posts.post_status = 'acf-disabled'))
					 
					 ORDER BY QG6dosyx_posts.menu_order ASC, QG6dosyx_posts.post_title ASC
					 
[11-Jun-2025 08:53:26 UTC] SELECT   QG6dosyx_posts.*
					 FROM QG6dosyx_posts 
					 WHERE 1=1  AND QG6dosyx_posts.post_name = 'toolset-woocommerce-fields' AND QG6dosyx_posts.post_type = 'wp-types-group'
					 
					 ORDER BY QG6dosyx_posts.post_date DESC
					 
[11-Jun-2025 08:53:27 UTC] SELECT   QG6dosyx_posts.*
					 FROM QG6dosyx_posts 
					 WHERE 1=1  AND QG6dosyx_posts.post_type = 'acf-taxonomy' AND ((QG6dosyx_posts.post_status = 'publish' OR QG6dosyx_posts.post_status = 'acf-disabled'))
					 
					 ORDER BY QG6dosyx_posts.menu_order ASC, QG6dosyx_posts.post_title ASC
					 
[11-Jun-2025 08:53:27 UTC] SELECT   QG6dosyx_posts.*
					 FROM QG6dosyx_posts 
					 WHERE 1=1  AND QG6dosyx_posts.post_type = 'acf-post-type' AND ((QG6dosyx_posts.post_status = 'publish' OR QG6dosyx_posts.post_status = 'acf-disabled'))
					 
					 ORDER BY QG6dosyx_posts.menu_order ASC, QG6dosyx_posts.post_title ASC
					 
[11-Jun-2025 08:53:29 UTC] PHP Deprecated:  Automatic conversion of false to array is deprecated in C:\xampp\htdocs\junior-salon\wp-content\plugins\wpml-sticky-links\classes\class-wpml-sticky-links.php on line 19
[11-Jun-2025 08:53:31 UTC] PHP Deprecated:  Automatic conversion of false to array is deprecated in C:\xampp\htdocs\junior-salon\wp-content\plugins\wpml-sticky-links\classes\class-wpml-sticky-links.php on line 19
[11-Jun-2025 08:53:32 UTC] SELECT   QG6dosyx_posts.*
					 FROM QG6dosyx_posts 
					 WHERE 1=1  AND QG6dosyx_posts.post_type = 'acf-taxonomy' AND ((QG6dosyx_posts.post_status = 'publish' OR QG6dosyx_posts.post_status = 'acf-disabled'))
					 
					 ORDER BY QG6dosyx_posts.menu_order ASC, QG6dosyx_posts.post_title ASC
					 
[11-Jun-2025 08:53:32 UTC] SELECT   QG6dosyx_posts.*
					 FROM QG6dosyx_posts 
					 WHERE 1=1  AND QG6dosyx_posts.post_type = 'acf-post-type' AND ((QG6dosyx_posts.post_status = 'publish' OR QG6dosyx_posts.post_status = 'acf-disabled'))
					 
					 ORDER BY QG6dosyx_posts.menu_order ASC, QG6dosyx_posts.post_title ASC
					 
[11-Jun-2025 08:53:32 UTC] PHP Deprecated:  Automatic conversion of false to array is deprecated in C:\xampp\htdocs\junior-salon\wp-content\plugins\wpml-sticky-links\classes\class-wpml-sticky-links.php on line 19
[11-Jun-2025 08:53:35 UTC] SELECT   QG6dosyx_posts.*
					 FROM QG6dosyx_posts 
					 WHERE 1=1  AND QG6dosyx_posts.post_type = 'acf-taxonomy' AND ((QG6dosyx_posts.post_status = 'publish' OR QG6dosyx_posts.post_status = 'acf-disabled'))
					 
					 ORDER BY QG6dosyx_posts.menu_order ASC, QG6dosyx_posts.post_title ASC
					 
[11-Jun-2025 08:53:35 UTC] SELECT   QG6dosyx_posts.*
					 FROM QG6dosyx_posts 
					 WHERE 1=1  AND QG6dosyx_posts.post_type = 'acf-post-type' AND ((QG6dosyx_posts.post_status = 'publish' OR QG6dosyx_posts.post_status = 'acf-disabled'))
					 
					 ORDER BY QG6dosyx_posts.menu_order ASC, QG6dosyx_posts.post_title ASC
					 
[11-Jun-2025 08:53:37 UTC] SELECT   QG6dosyx_posts.*
					 FROM QG6dosyx_posts 
					 WHERE 1=1  AND QG6dosyx_posts.post_type = 'acf-taxonomy' AND ((QG6dosyx_posts.post_status = 'publish' OR QG6dosyx_posts.post_status = 'acf-disabled'))
					 
					 ORDER BY QG6dosyx_posts.menu_order ASC, QG6dosyx_posts.post_title ASC
					 
[11-Jun-2025 08:53:37 UTC] SELECT   QG6dosyx_posts.*
					 FROM QG6dosyx_posts 
					 WHERE 1=1  AND QG6dosyx_posts.post_type = 'acf-post-type' AND ((QG6dosyx_posts.post_status = 'publish' OR QG6dosyx_posts.post_status = 'acf-disabled'))
					 
					 ORDER BY QG6dosyx_posts.menu_order ASC, QG6dosyx_posts.post_title ASC
					 
[11-Jun-2025 08:53:40 UTC] PHP Fatal error:  Uncaught RuntimeException: Unable to release actions from claim id 0. in C:\xampp\htdocs\junior-salon\wp-content\plugins\woocommerce\packages\action-scheduler\classes\data-stores\ActionScheduler_DBStore.php:1128
Stack trace:
#0 C:\xampp\htdocs\junior-salon\wp-content\plugins\woocommerce\packages\action-scheduler\classes\data-stores\ActionScheduler_HybridStore.php(440): ActionScheduler_DBStore->release_claim(Object(ActionScheduler_ActionClaim))
#1 C:\xampp\htdocs\junior-salon\wp-content\plugins\woocommerce\packages\action-scheduler\classes\ActionScheduler_QueueRunner.php(195): ActionScheduler_HybridStore->release_claim(Object(ActionScheduler_ActionClaim))
#2 C:\xampp\htdocs\junior-salon\wp-content\plugins\woocommerce\packages\action-scheduler\classes\ActionScheduler_QueueRunner.php(158): ActionScheduler_QueueRunner->do_batch(25, 'WP Cron')
#3 C:\xampp\htdocs\junior-salon\wp-includes\class-wp-hook.php(324): ActionScheduler_QueueRunner->run('WP Cron')
#4 C:\xampp\htdocs\junior-salon\wp-includes\class-wp-hook.php(348): WP_Hook->apply_filters('', Array)
#5 C:\xampp\htdocs\junior-salon\wp-includes\plugin.php(565): WP_Hook->do_action(Array)
#6 C:\xampp\htdocs\junior-salon\wp-cron.php(191): do_action_ref_array('action_schedule...', Array)
#7 {main}
  thrown in C:\xampp\htdocs\junior-salon\wp-content\plugins\woocommerce\packages\action-scheduler\classes\data-stores\ActionScheduler_DBStore.php on line 1128
[11-Jun-2025 08:53:40 UTC] PHP Fatal error:  Uncaught RuntimeException: Unable to release actions from claim id 0. in C:\xampp\htdocs\junior-salon\wp-content\plugins\woocommerce\packages\action-scheduler\classes\data-stores\ActionScheduler_DBStore.php:1128
Stack trace:
#0 C:\xampp\htdocs\junior-salon\wp-content\plugins\woocommerce\packages\action-scheduler\classes\data-stores\ActionScheduler_HybridStore.php(440): ActionScheduler_DBStore->release_claim(Object(ActionScheduler_ActionClaim))
#1 C:\xampp\htdocs\junior-salon\wp-content\plugins\woocommerce\packages\action-scheduler\classes\ActionScheduler_FatalErrorMonitor.php(95): ActionScheduler_HybridStore->release_claim(Object(ActionScheduler_ActionClaim))
#2 C:\xampp\htdocs\junior-salon\wp-includes\class-wp-hook.php(324): ActionScheduler_FatalErrorMonitor->handle_unexpected_shutdown('')
#3 C:\xampp\htdocs\junior-salon\wp-includes\class-wp-hook.php(348): WP_Hook->apply_filters(NULL, Array)
#4 C:\xampp\htdocs\junior-salon\wp-includes\plugin.php(517): WP_Hook->do_action(Array)
#5 C:\xampp\htdocs\junior-salon\wp-includes\load.php(1304): do_action('shutdown')
#6 [internal function]: shutdown_action_hook()
#7 {main}
  thrown in C:\xampp\htdocs\junior-salon\wp-content\plugins\woocommerce\packages\action-scheduler\classes\data-stores\ActionScheduler_DBStore.php on line 1128
[11-Jun-2025 08:53:41 UTC] SELECT   QG6dosyx_posts.*
					 FROM QG6dosyx_posts 
					 WHERE 1=1  AND QG6dosyx_posts.post_type = 'acf-field-group' AND ((QG6dosyx_posts.post_status = 'publish' OR QG6dosyx_posts.post_status = 'acf-disabled'))
					 
					 ORDER BY QG6dosyx_posts.menu_order ASC, QG6dosyx_posts.post_title ASC
					 
[11-Jun-2025 08:53:45 UTC] PHP Deprecated:  Automatic conversion of false to array is deprecated in C:\xampp\htdocs\junior-salon\wp-content\plugins\wpml-sticky-links\classes\class-wpml-sticky-links.php on line 19
[11-Jun-2025 08:53:47 UTC] SELECT   QG6dosyx_posts.*
					 FROM QG6dosyx_posts 
					 WHERE 1=1  AND QG6dosyx_posts.post_type = 'acf-taxonomy' AND ((QG6dosyx_posts.post_status = 'publish' OR QG6dosyx_posts.post_status = 'acf-disabled'))
					 
					 ORDER BY QG6dosyx_posts.menu_order ASC, QG6dosyx_posts.post_title ASC
					 
[11-Jun-2025 08:53:47 UTC] SELECT   QG6dosyx_posts.*
					 FROM QG6dosyx_posts 
					 WHERE 1=1  AND QG6dosyx_posts.post_type = 'acf-post-type' AND ((QG6dosyx_posts.post_status = 'publish' OR QG6dosyx_posts.post_status = 'acf-disabled'))
					 
					 ORDER BY QG6dosyx_posts.menu_order ASC, QG6dosyx_posts.post_title ASC
					 
[11-Jun-2025 08:53:48 UTC] SELECT SQL_CALC_FOUND_ROWS  QG6dosyx_posts.*
					 FROM QG6dosyx_posts 
					 WHERE 1=1  AND ((QG6dosyx_posts.post_type = 'post' AND (QG6dosyx_posts.post_status = 'publish' OR QG6dosyx_posts.post_status = 'acf-disabled' 
OR QG6dosyx_posts.post_status = 'private')))
					 
					 ORDER BY QG6dosyx_posts.post_date DESC
					 LIMIT 0, 10
[11-Jun-2025 08:53:55 UTC] PHP Deprecated:  Automatic conversion of false to array is deprecated in C:\xampp\htdocs\junior-salon\wp-content\plugins\wpml-sticky-links\classes\class-wpml-sticky-links.php on line 19
[11-Jun-2025 08:53:59 UTC] SELECT   QG6dosyx_posts.*
					 FROM QG6dosyx_posts 
					 WHERE 1=1  AND QG6dosyx_posts.post_type = 'acf-taxonomy' AND ((QG6dosyx_posts.post_status = 'publish' OR QG6dosyx_posts.post_status = 'acf-disabled'))
					 
					 ORDER BY QG6dosyx_posts.menu_order ASC, QG6dosyx_posts.post_title ASC
					 
[11-Jun-2025 08:53:59 UTC] SELECT   QG6dosyx_posts.*
					 FROM QG6dosyx_posts 
					 WHERE 1=1  AND QG6dosyx_posts.post_type = 'acf-post-type' AND ((QG6dosyx_posts.post_status = 'publish' OR QG6dosyx_posts.post_status = 'acf-disabled'))
					 
					 ORDER BY QG6dosyx_posts.menu_order ASC, QG6dosyx_posts.post_title ASC
					 
[11-Jun-2025 08:54:05 UTC] PHP Deprecated:  Automatic conversion of false to array is deprecated in C:\xampp\htdocs\junior-salon\wp-content\plugins\wpml-sticky-links\classes\class-wpml-sticky-links.php on line 19
[11-Jun-2025 08:54:08 UTC] SELECT   QG6dosyx_posts.*
					 FROM QG6dosyx_posts 
					 WHERE 1=1  AND QG6dosyx_posts.post_type = 'acf-taxonomy' AND ((QG6dosyx_posts.post_status = 'publish' OR QG6dosyx_posts.post_status = 'acf-disabled'))
					 
					 ORDER BY QG6dosyx_posts.menu_order ASC, QG6dosyx_posts.post_title ASC
					 
[11-Jun-2025 08:54:08 UTC] SELECT   QG6dosyx_posts.*
					 FROM QG6dosyx_posts 
					 WHERE 1=1  AND QG6dosyx_posts.post_type = 'acf-post-type' AND ((QG6dosyx_posts.post_status = 'publish' OR QG6dosyx_posts.post_status = 'acf-disabled'))
					 
					 ORDER BY QG6dosyx_posts.menu_order ASC, QG6dosyx_posts.post_title ASC
					 
[11-Jun-2025 08:54:12 UTC] PHP Deprecated:  Automatic conversion of false to array is deprecated in C:\xampp\htdocs\junior-salon\wp-content\plugins\wpml-sticky-links\classes\class-wpml-sticky-links.php on line 19
[11-Jun-2025 08:54:15 UTC] SELECT   QG6dosyx_posts.*
					 FROM QG6dosyx_posts 
					 WHERE 1=1  AND QG6dosyx_posts.post_type = 'acf-taxonomy' AND ((QG6dosyx_posts.post_status = 'publish' OR QG6dosyx_posts.post_status = 'acf-disabled'))
					 
					 ORDER BY QG6dosyx_posts.menu_order ASC, QG6dosyx_posts.post_title ASC
					 
[11-Jun-2025 08:54:15 UTC] SELECT   QG6dosyx_posts.*
					 FROM QG6dosyx_posts 
					 WHERE 1=1  AND QG6dosyx_posts.post_type = 'acf-post-type' AND ((QG6dosyx_posts.post_status = 'publish' OR QG6dosyx_posts.post_status = 'acf-disabled'))
					 
					 ORDER BY QG6dosyx_posts.menu_order ASC, QG6dosyx_posts.post_title ASC
					 
[11-Jun-2025 08:54:23 UTC] PHP Deprecated:  Automatic conversion of false to array is deprecated in C:\xampp\htdocs\junior-salon\wp-content\plugins\wpml-sticky-links\classes\class-wpml-sticky-links.php on line 19
[11-Jun-2025 08:54:26 UTC] SELECT   QG6dosyx_posts.*
					 FROM QG6dosyx_posts 
					 WHERE 1=1  AND QG6dosyx_posts.post_type = 'acf-taxonomy' AND ((QG6dosyx_posts.post_status = 'publish' OR QG6dosyx_posts.post_status = 'acf-disabled'))
					 
					 ORDER BY QG6dosyx_posts.menu_order ASC, QG6dosyx_posts.post_title ASC
					 
[11-Jun-2025 08:54:26 UTC] SELECT   QG6dosyx_posts.*
					 FROM QG6dosyx_posts 
					 WHERE 1=1  AND QG6dosyx_posts.post_type = 'acf-post-type' AND ((QG6dosyx_posts.post_status = 'publish' OR QG6dosyx_posts.post_status = 'acf-disabled'))
					 
					 ORDER BY QG6dosyx_posts.menu_order ASC, QG6dosyx_posts.post_title ASC
					 
[11-Jun-2025 08:54:33 UTC] PHP Deprecated:  Automatic conversion of false to array is deprecated in C:\xampp\htdocs\junior-salon\wp-content\plugins\wpml-sticky-links\classes\class-wpml-sticky-links.php on line 19
[11-Jun-2025 08:54:35 UTC] SELECT   QG6dosyx_posts.*
					 FROM QG6dosyx_posts 
					 WHERE 1=1  AND QG6dosyx_posts.post_type = 'acf-taxonomy' AND ((QG6dosyx_posts.post_status = 'publish' OR QG6dosyx_posts.post_status = 'acf-disabled'))
					 
					 ORDER BY QG6dosyx_posts.menu_order ASC, QG6dosyx_posts.post_title ASC
					 
[11-Jun-2025 08:54:35 UTC] SELECT   QG6dosyx_posts.*
					 FROM QG6dosyx_posts 
					 WHERE 1=1  AND QG6dosyx_posts.post_type = 'acf-post-type' AND ((QG6dosyx_posts.post_status = 'publish' OR QG6dosyx_posts.post_status = 'acf-disabled'))
					 
					 ORDER BY QG6dosyx_posts.menu_order ASC, QG6dosyx_posts.post_title ASC
					 
[11-Jun-2025 08:54:40 UTC] PHP Deprecated:  Automatic conversion of false to array is deprecated in C:\xampp\htdocs\junior-salon\wp-content\plugins\wpml-sticky-links\classes\class-wpml-sticky-links.php on line 19
[11-Jun-2025 08:54:42 UTC] SELECT   QG6dosyx_posts.*
					 FROM QG6dosyx_posts 
					 WHERE 1=1  AND QG6dosyx_posts.post_type = 'acf-taxonomy' AND ((QG6dosyx_posts.post_status = 'publish' OR QG6dosyx_posts.post_status = 'acf-disabled'))
					 
					 ORDER BY QG6dosyx_posts.menu_order ASC, QG6dosyx_posts.post_title ASC
					 
[11-Jun-2025 08:54:42 UTC] SELECT   QG6dosyx_posts.*
					 FROM QG6dosyx_posts 
					 WHERE 1=1  AND QG6dosyx_posts.post_type = 'acf-post-type' AND ((QG6dosyx_posts.post_status = 'publish' OR QG6dosyx_posts.post_status = 'acf-disabled'))
					 
					 ORDER BY QG6dosyx_posts.menu_order ASC, QG6dosyx_posts.post_title ASC
					 
[11-Jun-2025 08:54:47 UTC] PHP Deprecated:  Automatic conversion of false to array is deprecated in C:\xampp\htdocs\junior-salon\wp-content\plugins\wpml-sticky-links\classes\class-wpml-sticky-links.php on line 19
[11-Jun-2025 08:54:49 UTC] SELECT   QG6dosyx_posts.*
					 FROM QG6dosyx_posts 
					 WHERE 1=1  AND QG6dosyx_posts.post_type = 'acf-taxonomy' AND ((QG6dosyx_posts.post_status = 'publish' OR QG6dosyx_posts.post_status = 'acf-disabled'))
					 
					 ORDER BY QG6dosyx_posts.menu_order ASC, QG6dosyx_posts.post_title ASC
					 
[11-Jun-2025 08:54:49 UTC] SELECT   QG6dosyx_posts.*
					 FROM QG6dosyx_posts 
					 WHERE 1=1  AND QG6dosyx_posts.post_type = 'acf-post-type' AND ((QG6dosyx_posts.post_status = 'publish' OR QG6dosyx_posts.post_status = 'acf-disabled'))
					 
					 ORDER BY QG6dosyx_posts.menu_order ASC, QG6dosyx_posts.post_title ASC
					 
[11-Jun-2025 08:54:52 UTC] PHP Fatal error:  Uncaught RuntimeException: Unable to release actions from claim id 0. in C:\xampp\htdocs\junior-salon\wp-content\plugins\woocommerce\packages\action-scheduler\classes\data-stores\ActionScheduler_DBStore.php:1128
Stack trace:
#0 C:\xampp\htdocs\junior-salon\wp-content\plugins\woocommerce\packages\action-scheduler\classes\data-stores\ActionScheduler_HybridStore.php(440): ActionScheduler_DBStore->release_claim(Object(ActionScheduler_ActionClaim))
#1 C:\xampp\htdocs\junior-salon\wp-content\plugins\woocommerce\packages\action-scheduler\classes\ActionScheduler_QueueRunner.php(195): ActionScheduler_HybridStore->release_claim(Object(ActionScheduler_ActionClaim))
#2 C:\xampp\htdocs\junior-salon\wp-content\plugins\woocommerce\packages\action-scheduler\classes\ActionScheduler_QueueRunner.php(158): ActionScheduler_QueueRunner->do_batch(25, 'WP Cron')
#3 C:\xampp\htdocs\junior-salon\wp-includes\class-wp-hook.php(324): ActionScheduler_QueueRunner->run('WP Cron')
#4 C:\xampp\htdocs\junior-salon\wp-includes\class-wp-hook.php(348): WP_Hook->apply_filters('', Array)
#5 C:\xampp\htdocs\junior-salon\wp-includes\plugin.php(565): WP_Hook->do_action(Array)
#6 C:\xampp\htdocs\junior-salon\wp-cron.php(191): do_action_ref_array('action_schedule...', Array)
#7 {main}
  thrown in C:\xampp\htdocs\junior-salon\wp-content\plugins\woocommerce\packages\action-scheduler\classes\data-stores\ActionScheduler_DBStore.php on line 1128
[11-Jun-2025 08:54:52 UTC] PHP Fatal error:  Uncaught RuntimeException: Unable to release actions from claim id 0. in C:\xampp\htdocs\junior-salon\wp-content\plugins\woocommerce\packages\action-scheduler\classes\data-stores\ActionScheduler_DBStore.php:1128
Stack trace:
#0 C:\xampp\htdocs\junior-salon\wp-content\plugins\woocommerce\packages\action-scheduler\classes\data-stores\ActionScheduler_HybridStore.php(440): ActionScheduler_DBStore->release_claim(Object(ActionScheduler_ActionClaim))
#1 C:\xampp\htdocs\junior-salon\wp-content\plugins\woocommerce\packages\action-scheduler\classes\ActionScheduler_FatalErrorMonitor.php(95): ActionScheduler_HybridStore->release_claim(Object(ActionScheduler_ActionClaim))
#2 C:\xampp\htdocs\junior-salon\wp-includes\class-wp-hook.php(324): ActionScheduler_FatalErrorMonitor->handle_unexpected_shutdown('')
#3 C:\xampp\htdocs\junior-salon\wp-includes\class-wp-hook.php(348): WP_Hook->apply_filters(NULL, Array)
#4 C:\xampp\htdocs\junior-salon\wp-includes\plugin.php(517): WP_Hook->do_action(Array)
#5 C:\xampp\htdocs\junior-salon\wp-includes\load.php(1304): do_action('shutdown')
#6 [internal function]: shutdown_action_hook()
#7 {main}
  thrown in C:\xampp\htdocs\junior-salon\wp-content\plugins\woocommerce\packages\action-scheduler\classes\data-stores\ActionScheduler_DBStore.php on line 1128
[11-Jun-2025 08:54:55 UTC] PHP Deprecated:  Automatic conversion of false to array is deprecated in C:\xampp\htdocs\junior-salon\wp-content\plugins\wpml-sticky-links\classes\class-wpml-sticky-links.php on line 19
[11-Jun-2025 08:54:59 UTC] SELECT   QG6dosyx_posts.*
					 FROM QG6dosyx_posts 
					 WHERE 1=1  AND QG6dosyx_posts.post_type = 'acf-taxonomy' AND ((QG6dosyx_posts.post_status = 'publish' OR QG6dosyx_posts.post_status = 'acf-disabled'))
					 
					 ORDER BY QG6dosyx_posts.menu_order ASC, QG6dosyx_posts.post_title ASC
					 
[11-Jun-2025 08:54:59 UTC] SELECT   QG6dosyx_posts.*
					 FROM QG6dosyx_posts 
					 WHERE 1=1  AND QG6dosyx_posts.post_type = 'acf-post-type' AND ((QG6dosyx_posts.post_status = 'publish' OR QG6dosyx_posts.post_status = 'acf-disabled'))
					 
					 ORDER BY QG6dosyx_posts.menu_order ASC, QG6dosyx_posts.post_title ASC
					 
[11-Jun-2025 08:55:04 UTC] PHP Deprecated:  Automatic conversion of false to array is deprecated in C:\xampp\htdocs\junior-salon\wp-content\plugins\wpml-sticky-links\classes\class-wpml-sticky-links.php on line 19
[11-Jun-2025 08:55:07 UTC] SELECT   QG6dosyx_posts.*
					 FROM QG6dosyx_posts 
					 WHERE 1=1  AND QG6dosyx_posts.post_type = 'acf-taxonomy' AND ((QG6dosyx_posts.post_status = 'publish' OR QG6dosyx_posts.post_status = 'acf-disabled'))
					 
					 ORDER BY QG6dosyx_posts.menu_order ASC, QG6dosyx_posts.post_title ASC
					 
[11-Jun-2025 08:55:07 UTC] SELECT   QG6dosyx_posts.*
					 FROM QG6dosyx_posts 
					 WHERE 1=1  AND QG6dosyx_posts.post_type = 'acf-post-type' AND ((QG6dosyx_posts.post_status = 'publish' OR QG6dosyx_posts.post_status = 'acf-disabled'))
					 
					 ORDER BY QG6dosyx_posts.menu_order ASC, QG6dosyx_posts.post_title ASC
					 
[11-Jun-2025 08:55:50 UTC] PHP Deprecated:  Automatic conversion of false to array is deprecated in C:\xampp\htdocs\junior-salon\wp-content\plugins\wpml-sticky-links\classes\class-wpml-sticky-links.php on line 19
[11-Jun-2025 08:55:52 UTC] SELECT   QG6dosyx_posts.*
					 FROM QG6dosyx_posts 
					 WHERE 1=1  AND QG6dosyx_posts.post_type = 'acf-taxonomy' AND ((QG6dosyx_posts.post_status = 'publish' OR QG6dosyx_posts.post_status = 'acf-disabled'))
					 
					 ORDER BY QG6dosyx_posts.menu_order ASC, QG6dosyx_posts.post_title ASC
					 
[11-Jun-2025 08:55:52 UTC] SELECT   QG6dosyx_posts.*
					 FROM QG6dosyx_posts 
					 WHERE 1=1  AND QG6dosyx_posts.post_type = 'acf-post-type' AND ((QG6dosyx_posts.post_status = 'publish' OR QG6dosyx_posts.post_status = 'acf-disabled'))
					 
					 ORDER BY QG6dosyx_posts.menu_order ASC, QG6dosyx_posts.post_title ASC
					 
[11-Jun-2025 08:55:54 UTC] SELECT   QG6dosyx_posts.*
					 FROM QG6dosyx_posts  JOIN QG6dosyx_icl_translations wpml_translations
							ON QG6dosyx_posts.ID = wpml_translations.element_id
								AND wpml_translations.element_type = CONCAT('post_', QG6dosyx_posts.post_type) 
					 WHERE 1=1  AND QG6dosyx_posts.post_name = 'baby-boys-pants-in-ecru-lyocell' AND QG6dosyx_posts.ID = 182 AND QG6dosyx_posts.post_type = 'product' AND ( ( ( wpml_translations.language_code = 'en' OR 0 ) AND QG6dosyx_posts.post_type  IN ('post','page','attachment','wp_block','wp_template','wp_template_part','wp_navigation','home-features-banner','testimonial','product','product_variation','shop_order_placehold','sp_accordion_faqs','sp_wp_tabs','wpforms-template' )  ) OR QG6dosyx_posts.post_type  NOT  IN ('post','page','attachment','wp_block','wp_template','wp_template_part','wp_navigation','home-features-banner','testimonial','product','product_variation','shop_order_placehold','sp_accordion_faqs','sp_wp_tabs','wpforms-template' )  )
					 
					 ORDER BY QG6dosyx_posts.post_date DESC
					 
[11-Jun-2025 08:55:57 UTC] PHP Deprecated:  Automatic conversion of false to array is deprecated in C:\xampp\htdocs\junior-salon\wp-content\plugins\wpml-sticky-links\classes\class-wpml-sticky-links.php on line 19
[11-Jun-2025 08:55:57 UTC] PHP Deprecated:  Automatic conversion of false to array is deprecated in C:\xampp\htdocs\junior-salon\wp-content\plugins\wpml-sticky-links\classes\class-wpml-sticky-links.php on line 19
[11-Jun-2025 08:55:58 UTC] SELECT   QG6dosyx_posts.*
					 FROM QG6dosyx_posts 
					 WHERE 1=1  AND QG6dosyx_posts.post_type = 'acf-field' AND ((QG6dosyx_posts.post_status = 'publish')) AND QG6dosyx_posts.post_name = 'field_68136cb0e98c3'
					 
					 ORDER BY QG6dosyx_posts.menu_order ASC, QG6dosyx_posts.post_title ASC
					 LIMIT 0, 1
[11-Jun-2025 08:55:58 UTC] SELECT   QG6dosyx_posts.*
					 FROM QG6dosyx_posts 
					 WHERE 1=1  AND QG6dosyx_posts.post_type = 'acf-field' AND ((QG6dosyx_posts.post_status = 'publish')) AND QG6dosyx_posts.post_name = 'field_68136ccce98c4'
					 
					 ORDER BY QG6dosyx_posts.menu_order ASC, QG6dosyx_posts.post_title ASC
					 LIMIT 0, 1
[11-Jun-2025 08:55:58 UTC] SELECT   QG6dosyx_posts.*
					 FROM QG6dosyx_posts 
					 WHERE 1=1  AND QG6dosyx_posts.post_type = 'acf-field' AND ((QG6dosyx_posts.post_status = 'publish')) AND QG6dosyx_posts.post_name = 'field_68136cdce98c5'
					 
					 ORDER BY QG6dosyx_posts.menu_order ASC, QG6dosyx_posts.post_title ASC
					 LIMIT 0, 1
[11-Jun-2025 08:55:59 UTC] SELECT SQL_CALC_FOUND_ROWS  QG6dosyx_posts.*
					 FROM QG6dosyx_posts  LEFT JOIN QG6dosyx_term_relationships ON (QG6dosyx_posts.ID = QG6dosyx_term_relationships.object_id) JOIN QG6dosyx_icl_translations wpml_translations
							ON QG6dosyx_posts.ID = wpml_translations.element_id
								AND wpml_translations.element_type = CONCAT('post_', QG6dosyx_posts.post_type) 
					 WHERE 1=1  AND ( 
  QG6dosyx_term_relationships.term_taxonomy_id IN (47)
) AND ((QG6dosyx_posts.post_type = 'product' AND (QG6dosyx_posts.post_status = 'publish' OR QG6dosyx_posts.post_status = 'acf-disabled' 
OR QG6dosyx_posts.post_status = 'private'))) AND ( ( ( wpml_translations.language_code = 'en' OR 0 ) AND QG6dosyx_posts.post_type  IN ('post','page','attachment','wp_block','wp_template','wp_template_part','wp_navigation','home-features-banner','testimonial','product','product_variation','shop_order_placehold','sp_accordion_faqs','sp_wp_tabs','wpforms-template' )  ) OR QG6dosyx_posts.post_type  NOT  IN ('post','page','attachment','wp_block','wp_template','wp_template_part','wp_navigation','home-features-banner','testimonial','product','product_variation','shop_order_placehold','sp_accordion_faqs','sp_wp_tabs','wpforms-template' )  )
					 GROUP BY QG6dosyx_posts.ID
					 ORDER BY QG6dosyx_posts.post_date DESC
					 LIMIT 0, 10
[11-Jun-2025 08:56:00 UTC] PHP Warning:  Undefined variable $start in C:\xampp\htdocs\junior-salon\wp-content\themes\junior-salon\layouts\footer.php on line 165
[11-Jun-2025 08:56:00 UTC] PHP Deprecated:  Automatic conversion of false to array is deprecated in C:\xampp\htdocs\junior-salon\wp-content\plugins\wpml-sticky-links\classes\class-wpml-sticky-links.php on line 19
[11-Jun-2025 08:56:01 UTC] SELECT   QG6dosyx_posts.*
					 FROM QG6dosyx_posts 
					 WHERE 1=1  AND QG6dosyx_posts.post_type = 'acf-taxonomy' AND ((QG6dosyx_posts.post_status = 'publish' OR QG6dosyx_posts.post_status = 'acf-disabled'))
					 
					 ORDER BY QG6dosyx_posts.menu_order ASC, QG6dosyx_posts.post_title ASC
					 
[11-Jun-2025 08:56:01 UTC] SELECT   QG6dosyx_posts.*
					 FROM QG6dosyx_posts 
					 WHERE 1=1  AND QG6dosyx_posts.post_type = 'acf-post-type' AND ((QG6dosyx_posts.post_status = 'publish' OR QG6dosyx_posts.post_status = 'acf-disabled'))
					 
					 ORDER BY QG6dosyx_posts.menu_order ASC, QG6dosyx_posts.post_title ASC
					 
[11-Jun-2025 08:56:01 UTC] SELECT   QG6dosyx_posts.*
					 FROM QG6dosyx_posts 
					 WHERE 1=1  AND QG6dosyx_posts.post_type = 'acf-taxonomy' AND ((QG6dosyx_posts.post_status = 'publish' OR QG6dosyx_posts.post_status = 'acf-disabled'))
					 
					 ORDER BY QG6dosyx_posts.menu_order ASC, QG6dosyx_posts.post_title ASC
					 
[11-Jun-2025 08:56:01 UTC] SELECT   QG6dosyx_posts.*
					 FROM QG6dosyx_posts 
					 WHERE 1=1  AND QG6dosyx_posts.post_type = 'acf-post-type' AND ((QG6dosyx_posts.post_status = 'publish' OR QG6dosyx_posts.post_status = 'acf-disabled'))
					 
					 ORDER BY QG6dosyx_posts.menu_order ASC, QG6dosyx_posts.post_title ASC
					 
[11-Jun-2025 08:56:03 UTC] SELECT   QG6dosyx_posts.*
					 FROM QG6dosyx_posts 
					 WHERE 1=1  AND QG6dosyx_posts.post_type = 'acf-taxonomy' AND ((QG6dosyx_posts.post_status = 'publish' OR QG6dosyx_posts.post_status = 'acf-disabled'))
					 
					 ORDER BY QG6dosyx_posts.menu_order ASC, QG6dosyx_posts.post_title ASC
					 
[11-Jun-2025 08:56:03 UTC] SELECT   QG6dosyx_posts.*
					 FROM QG6dosyx_posts 
					 WHERE 1=1  AND QG6dosyx_posts.post_type = 'acf-post-type' AND ((QG6dosyx_posts.post_status = 'publish' OR QG6dosyx_posts.post_status = 'acf-disabled'))
					 
					 ORDER BY QG6dosyx_posts.menu_order ASC, QG6dosyx_posts.post_title ASC
					 
[11-Jun-2025 08:56:05 UTC] PHP Fatal error:  Uncaught RuntimeException: Unable to release actions from claim id 0. in C:\xampp\htdocs\junior-salon\wp-content\plugins\woocommerce\packages\action-scheduler\classes\data-stores\ActionScheduler_DBStore.php:1128
Stack trace:
#0 C:\xampp\htdocs\junior-salon\wp-content\plugins\woocommerce\packages\action-scheduler\classes\data-stores\ActionScheduler_HybridStore.php(440): ActionScheduler_DBStore->release_claim(Object(ActionScheduler_ActionClaim))
#1 C:\xampp\htdocs\junior-salon\wp-content\plugins\woocommerce\packages\action-scheduler\classes\ActionScheduler_QueueRunner.php(195): ActionScheduler_HybridStore->release_claim(Object(ActionScheduler_ActionClaim))
#2 C:\xampp\htdocs\junior-salon\wp-content\plugins\woocommerce\packages\action-scheduler\classes\ActionScheduler_QueueRunner.php(158): ActionScheduler_QueueRunner->do_batch(25, 'WP Cron')
#3 C:\xampp\htdocs\junior-salon\wp-includes\class-wp-hook.php(324): ActionScheduler_QueueRunner->run('WP Cron')
#4 C:\xampp\htdocs\junior-salon\wp-includes\class-wp-hook.php(348): WP_Hook->apply_filters('', Array)
#5 C:\xampp\htdocs\junior-salon\wp-includes\plugin.php(565): WP_Hook->do_action(Array)
#6 C:\xampp\htdocs\junior-salon\wp-cron.php(191): do_action_ref_array('action_schedule...', Array)
#7 {main}
  thrown in C:\xampp\htdocs\junior-salon\wp-content\plugins\woocommerce\packages\action-scheduler\classes\data-stores\ActionScheduler_DBStore.php on line 1128
[11-Jun-2025 08:56:05 UTC] PHP Fatal error:  Uncaught RuntimeException: Unable to release actions from claim id 0. in C:\xampp\htdocs\junior-salon\wp-content\plugins\woocommerce\packages\action-scheduler\classes\data-stores\ActionScheduler_DBStore.php:1128
Stack trace:
#0 C:\xampp\htdocs\junior-salon\wp-content\plugins\woocommerce\packages\action-scheduler\classes\data-stores\ActionScheduler_HybridStore.php(440): ActionScheduler_DBStore->release_claim(Object(ActionScheduler_ActionClaim))
#1 C:\xampp\htdocs\junior-salon\wp-content\plugins\woocommerce\packages\action-scheduler\classes\ActionScheduler_FatalErrorMonitor.php(95): ActionScheduler_HybridStore->release_claim(Object(ActionScheduler_ActionClaim))
#2 C:\xampp\htdocs\junior-salon\wp-includes\class-wp-hook.php(324): ActionScheduler_FatalErrorMonitor->handle_unexpected_shutdown('')
#3 C:\xampp\htdocs\junior-salon\wp-includes\class-wp-hook.php(348): WP_Hook->apply_filters(NULL, Array)
#4 C:\xampp\htdocs\junior-salon\wp-includes\plugin.php(517): WP_Hook->do_action(Array)
#5 C:\xampp\htdocs\junior-salon\wp-includes\load.php(1304): do_action('shutdown')
#6 [internal function]: shutdown_action_hook()
#7 {main}
  thrown in C:\xampp\htdocs\junior-salon\wp-content\plugins\woocommerce\packages\action-scheduler\classes\data-stores\ActionScheduler_DBStore.php on line 1128
[11-Jun-2025 08:56:05 UTC] SELECT SQL_CALC_FOUND_ROWS  QG6dosyx_posts.*
					 FROM QG6dosyx_posts 
					 WHERE 1=1  AND ((QG6dosyx_posts.post_type = 'post' AND (QG6dosyx_posts.post_status = 'publish' OR QG6dosyx_posts.post_status = 'acf-disabled' 
OR QG6dosyx_posts.post_status = 'private')))
					 
					 ORDER BY QG6dosyx_posts.post_date DESC
					 LIMIT 0, 10
[11-Jun-2025 08:56:09 UTC] PHP Deprecated:  Automatic conversion of false to array is deprecated in C:\xampp\htdocs\junior-salon\wp-content\plugins\wpml-sticky-links\classes\class-wpml-sticky-links.php on line 19
[11-Jun-2025 08:56:11 UTC] PHP Deprecated:  Automatic conversion of false to array is deprecated in C:\xampp\htdocs\junior-salon\wp-content\plugins\wpml-sticky-links\classes\class-wpml-sticky-links.php on line 19
[11-Jun-2025 08:56:13 UTC] SELECT   QG6dosyx_posts.*
					 FROM QG6dosyx_posts 
					 WHERE 1=1  AND QG6dosyx_posts.post_type = 'acf-taxonomy' AND ((QG6dosyx_posts.post_status = 'publish' OR QG6dosyx_posts.post_status = 'acf-disabled'))
					 
					 ORDER BY QG6dosyx_posts.menu_order ASC, QG6dosyx_posts.post_title ASC
					 
[11-Jun-2025 08:56:13 UTC] SELECT   QG6dosyx_posts.*
					 FROM QG6dosyx_posts 
					 WHERE 1=1  AND QG6dosyx_posts.post_type = 'acf-post-type' AND ((QG6dosyx_posts.post_status = 'publish' OR QG6dosyx_posts.post_status = 'acf-disabled'))
					 
					 ORDER BY QG6dosyx_posts.menu_order ASC, QG6dosyx_posts.post_title ASC
					 
[11-Jun-2025 08:56:14 UTC] SELECT   QG6dosyx_posts.*
					 FROM QG6dosyx_posts 
					 WHERE 1=1  AND QG6dosyx_posts.post_type = 'acf-taxonomy' AND ((QG6dosyx_posts.post_status = 'publish' OR QG6dosyx_posts.post_status = 'acf-disabled'))
					 
					 ORDER BY QG6dosyx_posts.menu_order ASC, QG6dosyx_posts.post_title ASC
					 
[11-Jun-2025 08:56:14 UTC] SELECT   QG6dosyx_posts.*
					 FROM QG6dosyx_posts 
					 WHERE 1=1  AND QG6dosyx_posts.post_type = 'acf-post-type' AND ((QG6dosyx_posts.post_status = 'publish' OR QG6dosyx_posts.post_status = 'acf-disabled'))
					 
					 ORDER BY QG6dosyx_posts.menu_order ASC, QG6dosyx_posts.post_title ASC
					 
[11-Jun-2025 08:56:57 UTC] PHP Deprecated:  Automatic conversion of false to array is deprecated in C:\xampp\htdocs\junior-salon\wp-content\plugins\wpml-sticky-links\classes\class-wpml-sticky-links.php on line 19
[11-Jun-2025 08:57:01 UTC] SELECT   QG6dosyx_posts.*
					 FROM QG6dosyx_posts 
					 WHERE 1=1  AND QG6dosyx_posts.post_type = 'acf-taxonomy' AND ((QG6dosyx_posts.post_status = 'publish' OR QG6dosyx_posts.post_status = 'acf-disabled'))
					 
					 ORDER BY QG6dosyx_posts.menu_order ASC, QG6dosyx_posts.post_title ASC
					 
[11-Jun-2025 08:57:01 UTC] SELECT   QG6dosyx_posts.*
					 FROM QG6dosyx_posts 
					 WHERE 1=1  AND QG6dosyx_posts.post_type = 'acf-post-type' AND ((QG6dosyx_posts.post_status = 'publish' OR QG6dosyx_posts.post_status = 'acf-disabled'))
					 
					 ORDER BY QG6dosyx_posts.menu_order ASC, QG6dosyx_posts.post_title ASC
					 
[11-Jun-2025 08:57:04 UTC] PHP Deprecated:  Automatic conversion of false to array is deprecated in C:\xampp\htdocs\junior-salon\wp-content\plugins\wpml-sticky-links\classes\class-wpml-sticky-links.php on line 19
[11-Jun-2025 08:57:08 UTC] PHP Deprecated:  Automatic conversion of false to array is deprecated in C:\xampp\htdocs\junior-salon\wp-content\plugins\wpml-sticky-links\classes\class-wpml-sticky-links.php on line 19
[11-Jun-2025 08:57:08 UTC] PHP Deprecated:  Automatic conversion of false to array is deprecated in C:\xampp\htdocs\junior-salon\wp-content\plugins\wpml-sticky-links\classes\class-wpml-sticky-links.php on line 19
[11-Jun-2025 08:57:09 UTC] SELECT   QG6dosyx_posts.*
					 FROM QG6dosyx_posts 
					 WHERE 1=1  AND QG6dosyx_posts.post_name = 'toolset-woocommerce-fields' AND QG6dosyx_posts.post_type = 'wp-types-group'
					 
					 ORDER BY QG6dosyx_posts.post_date DESC
					 
[11-Jun-2025 08:57:10 UTC] PHP Deprecated:  Automatic conversion of false to array is deprecated in C:\xampp\htdocs\junior-salon\wp-content\plugins\wpml-sticky-links\classes\class-wpml-sticky-links.php on line 19
[11-Jun-2025 08:57:10 UTC] SELECT   QG6dosyx_posts.*
					 FROM QG6dosyx_posts 
					 WHERE 1=1  AND QG6dosyx_posts.post_type = 'acf-taxonomy' AND ((QG6dosyx_posts.post_status = 'publish' OR QG6dosyx_posts.post_status = 'acf-disabled'))
					 
					 ORDER BY QG6dosyx_posts.menu_order ASC, QG6dosyx_posts.post_title ASC
					 
[11-Jun-2025 08:57:10 UTC] SELECT   QG6dosyx_posts.*
					 FROM QG6dosyx_posts 
					 WHERE 1=1  AND QG6dosyx_posts.post_type = 'acf-post-type' AND ((QG6dosyx_posts.post_status = 'publish' OR QG6dosyx_posts.post_status = 'acf-disabled'))
					 
					 ORDER BY QG6dosyx_posts.menu_order ASC, QG6dosyx_posts.post_title ASC
					 
[11-Jun-2025 08:57:12 UTC] SELECT   QG6dosyx_posts.*
					 FROM QG6dosyx_posts 
					 WHERE 1=1  AND QG6dosyx_posts.post_name = 'toolset-woocommerce-fields' AND QG6dosyx_posts.post_type = 'wp-types-group'
					 
					 ORDER BY QG6dosyx_posts.post_date DESC
					 
[11-Jun-2025 08:57:13 UTC] SELECT   QG6dosyx_posts.*
					 FROM QG6dosyx_posts 
					 WHERE 1=1  AND QG6dosyx_posts.post_type = 'acf-taxonomy' AND ((QG6dosyx_posts.post_status = 'publish' OR QG6dosyx_posts.post_status = 'acf-disabled'))
					 
					 ORDER BY QG6dosyx_posts.menu_order ASC, QG6dosyx_posts.post_title ASC
					 
[11-Jun-2025 08:57:13 UTC] SELECT   QG6dosyx_posts.*
					 FROM QG6dosyx_posts 
					 WHERE 1=1  AND QG6dosyx_posts.post_type = 'acf-post-type' AND ((QG6dosyx_posts.post_status = 'publish' OR QG6dosyx_posts.post_status = 'acf-disabled'))
					 
					 ORDER BY QG6dosyx_posts.menu_order ASC, QG6dosyx_posts.post_title ASC
					 
[11-Jun-2025 08:57:14 UTC] SELECT   QG6dosyx_posts.*
					 FROM QG6dosyx_posts 
					 WHERE 1=1  AND QG6dosyx_posts.post_type = 'acf-taxonomy' AND ((QG6dosyx_posts.post_status = 'publish' OR QG6dosyx_posts.post_status = 'acf-disabled'))
					 
					 ORDER BY QG6dosyx_posts.menu_order ASC, QG6dosyx_posts.post_title ASC
					 
[11-Jun-2025 08:57:14 UTC] SELECT   QG6dosyx_posts.*
					 FROM QG6dosyx_posts 
					 WHERE 1=1  AND QG6dosyx_posts.post_type = 'acf-post-type' AND ((QG6dosyx_posts.post_status = 'publish' OR QG6dosyx_posts.post_status = 'acf-disabled'))
					 
					 ORDER BY QG6dosyx_posts.menu_order ASC, QG6dosyx_posts.post_title ASC
					 
[11-Jun-2025 08:57:16 UTC] SELECT   QG6dosyx_posts.*
					 FROM QG6dosyx_posts 
					 WHERE 1=1  AND QG6dosyx_posts.post_type = 'acf-taxonomy' AND ((QG6dosyx_posts.post_status = 'publish' OR QG6dosyx_posts.post_status = 'acf-disabled'))
					 
					 ORDER BY QG6dosyx_posts.menu_order ASC, QG6dosyx_posts.post_title ASC
					 
[11-Jun-2025 08:57:16 UTC] SELECT   QG6dosyx_posts.*
					 FROM QG6dosyx_posts 
					 WHERE 1=1  AND QG6dosyx_posts.post_type = 'acf-post-type' AND ((QG6dosyx_posts.post_status = 'publish' OR QG6dosyx_posts.post_status = 'acf-disabled'))
					 
					 ORDER BY QG6dosyx_posts.menu_order ASC, QG6dosyx_posts.post_title ASC
					 
[11-Jun-2025 08:57:18 UTC] SELECT SQL_CALC_FOUND_ROWS  QG6dosyx_posts.*
					 FROM QG6dosyx_posts  JOIN QG6dosyx_icl_translations wpml_translations
							ON QG6dosyx_posts.ID = wpml_translations.element_id
								AND wpml_translations.element_type = CONCAT('post_', QG6dosyx_posts.post_type) 
					 WHERE 1=1  AND ((QG6dosyx_posts.post_type = 'post' AND (QG6dosyx_posts.post_status = 'publish' OR QG6dosyx_posts.post_status = 'acf-disabled' OR QG6dosyx_posts.post_status = 'future' OR QG6dosyx_posts.post_status = 'draft' OR QG6dosyx_posts.post_status = 'pending' 
OR QG6dosyx_posts.post_status = 'private'))) AND ( ( ( wpml_translations.language_code = 'en' OR 0 ) AND QG6dosyx_posts.post_type  IN ('post','page','attachment','wp_block','wp_template','wp_template_part','wp_navigation','home-features-banner','testimonial','product','product_variation','shop_order_placehold','sp_accordion_faqs','sp_wp_tabs','wpforms-template' )  ) OR QG6dosyx_posts.post_type  NOT  IN ('post','page','attachment','wp_block','wp_template','wp_template_part','wp_navigation','home-features-banner','testimonial','product','product_variation','shop_order_placehold','sp_accordion_faqs','sp_wp_tabs','wpforms-template' )  )
					 
					 ORDER BY QG6dosyx_posts.post_date DESC
					 LIMIT 0, 20
[11-Jun-2025 08:57:19 UTC] SELECT   QG6dosyx_posts.*
					 FROM QG6dosyx_posts 
					 WHERE 1=1  AND QG6dosyx_posts.post_type = 'acf-field-group' AND ((QG6dosyx_posts.post_status = 'publish' OR QG6dosyx_posts.post_status = 'acf-disabled'))
					 
					 ORDER BY QG6dosyx_posts.menu_order ASC, QG6dosyx_posts.post_title ASC
					 
[11-Jun-2025 08:57:19 UTC] PHP Deprecated:  Automatic conversion of false to array is deprecated in C:\xampp\htdocs\junior-salon\wp-content\plugins\wpml-sticky-links\classes\class-wpml-sticky-links.php on line 19
[11-Jun-2025 08:57:19 UTC] SELECT SQL_CALC_FOUND_ROWS  QG6dosyx_posts.*
					 FROM QG6dosyx_posts  JOIN QG6dosyx_icl_translations wpml_translations
							ON QG6dosyx_posts.ID = wpml_translations.element_id
								AND wpml_translations.element_type = CONCAT('post_', QG6dosyx_posts.post_type) 
					 WHERE 1=1  AND ((QG6dosyx_posts.post_type = 'home-features-banner' AND (QG6dosyx_posts.post_status = 'publish' OR QG6dosyx_posts.post_status = 'acf-disabled' OR QG6dosyx_posts.post_status = 'future' OR QG6dosyx_posts.post_status = 'draft' OR QG6dosyx_posts.post_status = 'pending' 
OR QG6dosyx_posts.post_status = 'private'))) AND ( ( ( wpml_translations.language_code = 'en' OR 0 ) AND QG6dosyx_posts.post_type  IN ('post','page','attachment','wp_block','wp_template','wp_template_part','wp_navigation','home-features-banner','testimonial','product','product_variation','shop_order_placehold','sp_accordion_faqs','sp_wp_tabs','wpforms-template' )  ) OR QG6dosyx_posts.post_type  NOT  IN ('post','page','attachment','wp_block','wp_template','wp_template_part','wp_navigation','home-features-banner','testimonial','product','product_variation','shop_order_placehold','sp_accordion_faqs','sp_wp_tabs','wpforms-template' )  )
					 
					 ORDER BY QG6dosyx_posts.post_date DESC
					 LIMIT 0, 20
[11-Jun-2025 08:57:21 UTC] SELECT   QG6dosyx_posts.*
					 FROM QG6dosyx_posts 
					 WHERE 1=1  AND QG6dosyx_posts.post_type = 'acf-field-group' AND ((QG6dosyx_posts.post_status = 'publish' OR QG6dosyx_posts.post_status = 'acf-disabled'))
					 
					 ORDER BY QG6dosyx_posts.menu_order ASC, QG6dosyx_posts.post_title ASC
					 
[11-Jun-2025 08:57:23 UTC] SELECT   QG6dosyx_posts.*
					 FROM QG6dosyx_posts 
					 WHERE 1=1  AND QG6dosyx_posts.post_type = 'acf-taxonomy' AND ((QG6dosyx_posts.post_status = 'publish' OR QG6dosyx_posts.post_status = 'acf-disabled'))
					 
					 ORDER BY QG6dosyx_posts.menu_order ASC, QG6dosyx_posts.post_title ASC
					 
[11-Jun-2025 08:57:23 UTC] SELECT   QG6dosyx_posts.*
					 FROM QG6dosyx_posts 
					 WHERE 1=1  AND QG6dosyx_posts.post_type = 'acf-post-type' AND ((QG6dosyx_posts.post_status = 'publish' OR QG6dosyx_posts.post_status = 'acf-disabled'))
					 
					 ORDER BY QG6dosyx_posts.menu_order ASC, QG6dosyx_posts.post_title ASC
					 
[11-Jun-2025 08:57:26 UTC] PHP Fatal error:  Uncaught RuntimeException: Unable to release actions from claim id 0. in C:\xampp\htdocs\junior-salon\wp-content\plugins\woocommerce\packages\action-scheduler\classes\data-stores\ActionScheduler_DBStore.php:1128
Stack trace:
#0 C:\xampp\htdocs\junior-salon\wp-content\plugins\woocommerce\packages\action-scheduler\classes\data-stores\ActionScheduler_HybridStore.php(440): ActionScheduler_DBStore->release_claim(Object(ActionScheduler_ActionClaim))
#1 C:\xampp\htdocs\junior-salon\wp-content\plugins\woocommerce\packages\action-scheduler\classes\ActionScheduler_QueueRunner.php(195): ActionScheduler_HybridStore->release_claim(Object(ActionScheduler_ActionClaim))
#2 C:\xampp\htdocs\junior-salon\wp-content\plugins\woocommerce\packages\action-scheduler\classes\ActionScheduler_QueueRunner.php(158): ActionScheduler_QueueRunner->do_batch(25, 'WP Cron')
#3 C:\xampp\htdocs\junior-salon\wp-includes\class-wp-hook.php(324): ActionScheduler_QueueRunner->run('WP Cron')
#4 C:\xampp\htdocs\junior-salon\wp-includes\class-wp-hook.php(348): WP_Hook->apply_filters('', Array)
#5 C:\xampp\htdocs\junior-salon\wp-includes\plugin.php(565): WP_Hook->do_action(Array)
#6 C:\xampp\htdocs\junior-salon\wp-cron.php(191): do_action_ref_array('action_schedule...', Array)
#7 {main}
  thrown in C:\xampp\htdocs\junior-salon\wp-content\plugins\woocommerce\packages\action-scheduler\classes\data-stores\ActionScheduler_DBStore.php on line 1128
[11-Jun-2025 08:57:26 UTC] PHP Fatal error:  Uncaught RuntimeException: Unable to release actions from claim id 0. in C:\xampp\htdocs\junior-salon\wp-content\plugins\woocommerce\packages\action-scheduler\classes\data-stores\ActionScheduler_DBStore.php:1128
Stack trace:
#0 C:\xampp\htdocs\junior-salon\wp-content\plugins\woocommerce\packages\action-scheduler\classes\data-stores\ActionScheduler_HybridStore.php(440): ActionScheduler_DBStore->release_claim(Object(ActionScheduler_ActionClaim))
#1 C:\xampp\htdocs\junior-salon\wp-content\plugins\woocommerce\packages\action-scheduler\classes\ActionScheduler_FatalErrorMonitor.php(95): ActionScheduler_HybridStore->release_claim(Object(ActionScheduler_ActionClaim))
#2 C:\xampp\htdocs\junior-salon\wp-includes\class-wp-hook.php(324): ActionScheduler_FatalErrorMonitor->handle_unexpected_shutdown('')
#3 C:\xampp\htdocs\junior-salon\wp-includes\class-wp-hook.php(348): WP_Hook->apply_filters(NULL, Array)
#4 C:\xampp\htdocs\junior-salon\wp-includes\plugin.php(517): WP_Hook->do_action(Array)
#5 C:\xampp\htdocs\junior-salon\wp-includes\load.php(1304): do_action('shutdown')
#6 [internal function]: shutdown_action_hook()
#7 {main}
  thrown in C:\xampp\htdocs\junior-salon\wp-content\plugins\woocommerce\packages\action-scheduler\classes\data-stores\ActionScheduler_DBStore.php on line 1128
[11-Jun-2025 08:57:36 UTC] PHP Deprecated:  Automatic conversion of false to array is deprecated in C:\xampp\htdocs\junior-salon\wp-content\plugins\wpml-sticky-links\classes\class-wpml-sticky-links.php on line 19
[11-Jun-2025 08:57:38 UTC] SELECT   QG6dosyx_posts.*
					 FROM QG6dosyx_posts 
					 WHERE 1=1  AND QG6dosyx_posts.post_type = 'acf-taxonomy' AND ((QG6dosyx_posts.post_status = 'publish' OR QG6dosyx_posts.post_status = 'acf-disabled'))
					 
					 ORDER BY QG6dosyx_posts.menu_order ASC, QG6dosyx_posts.post_title ASC
					 
[11-Jun-2025 08:57:38 UTC] SELECT   QG6dosyx_posts.*
					 FROM QG6dosyx_posts 
					 WHERE 1=1  AND QG6dosyx_posts.post_type = 'acf-post-type' AND ((QG6dosyx_posts.post_status = 'publish' OR QG6dosyx_posts.post_status = 'acf-disabled'))
					 
					 ORDER BY QG6dosyx_posts.menu_order ASC, QG6dosyx_posts.post_title ASC
					 
[11-Jun-2025 08:57:40 UTC] SELECT SQL_CALC_FOUND_ROWS  QG6dosyx_posts.*
					 FROM QG6dosyx_posts 
					 WHERE 1=1  AND ((QG6dosyx_posts.post_type = 'post' AND (QG6dosyx_posts.post_status = 'publish' OR QG6dosyx_posts.post_status = 'acf-disabled' 
OR QG6dosyx_posts.post_status = 'private')))
					 
					 ORDER BY QG6dosyx_posts.post_date DESC
					 LIMIT 0, 10
[11-Jun-2025 08:57:45 UTC] PHP Deprecated:  Automatic conversion of false to array is deprecated in C:\xampp\htdocs\junior-salon\wp-content\plugins\wpml-sticky-links\classes\class-wpml-sticky-links.php on line 19
[11-Jun-2025 08:57:47 UTC] SELECT   QG6dosyx_posts.*
					 FROM QG6dosyx_posts 
					 WHERE 1=1  AND QG6dosyx_posts.post_name = 'toolset-woocommerce-fields' AND QG6dosyx_posts.post_type = 'wp-types-group'
					 
					 ORDER BY QG6dosyx_posts.post_date DESC
					 
[11-Jun-2025 08:57:48 UTC] SELECT   QG6dosyx_posts.*
					 FROM QG6dosyx_posts 
					 WHERE 1=1  AND QG6dosyx_posts.post_type = 'acf-taxonomy' AND ((QG6dosyx_posts.post_status = 'publish' OR QG6dosyx_posts.post_status = 'acf-disabled'))
					 
					 ORDER BY QG6dosyx_posts.menu_order ASC, QG6dosyx_posts.post_title ASC
					 
[11-Jun-2025 08:57:48 UTC] SELECT   QG6dosyx_posts.*
					 FROM QG6dosyx_posts 
					 WHERE 1=1  AND QG6dosyx_posts.post_type = 'acf-post-type' AND ((QG6dosyx_posts.post_status = 'publish' OR QG6dosyx_posts.post_status = 'acf-disabled'))
					 
					 ORDER BY QG6dosyx_posts.menu_order ASC, QG6dosyx_posts.post_title ASC
					 
[11-Jun-2025 08:57:50 UTC] SELECT   QG6dosyx_posts.ID, QG6dosyx_posts.post_parent
					 FROM QG6dosyx_posts  JOIN QG6dosyx_icl_translations wpml_translations
							ON QG6dosyx_posts.ID = wpml_translations.element_id
								AND wpml_translations.element_type = CONCAT('post_', QG6dosyx_posts.post_type) 
					 WHERE 1=1  AND ((QG6dosyx_posts.post_type = 'page' AND (QG6dosyx_posts.post_status = 'publish' OR QG6dosyx_posts.post_status = 'acf-disabled' OR QG6dosyx_posts.post_status = 'future' OR QG6dosyx_posts.post_status = 'draft' OR QG6dosyx_posts.post_status = 'pending' 
OR QG6dosyx_posts.post_status = 'private'))) AND ( ( ( wpml_translations.language_code = 'en' OR 0 ) AND QG6dosyx_posts.post_type  IN ('post','page','attachment','wp_block','wp_template','wp_template_part','wp_navigation','home-features-banner','testimonial','product','product_variation','shop_order_placehold','sp_accordion_faqs','sp_wp_tabs','wpforms-template' )  ) OR QG6dosyx_posts.post_type  NOT  IN ('post','page','attachment','wp_block','wp_template','wp_template_part','wp_navigation','home-features-banner','testimonial','product','product_variation','shop_order_placehold','sp_accordion_faqs','sp_wp_tabs','wpforms-template' )  )
					 
					 ORDER BY QG6dosyx_posts.menu_order ASC, QG6dosyx_posts.post_title ASC
					 
[11-Jun-2025 08:57:51 UTC] SELECT   QG6dosyx_posts.*
					 FROM QG6dosyx_posts 
					 WHERE 1=1  AND QG6dosyx_posts.post_type = 'acf-field-group' AND ((QG6dosyx_posts.post_status = 'publish' OR QG6dosyx_posts.post_status = 'acf-disabled'))
					 
					 ORDER BY QG6dosyx_posts.menu_order ASC, QG6dosyx_posts.post_title ASC
					 
[11-Jun-2025 08:57:51 UTC] SELECT   QG6dosyx_posts.*
					 FROM QG6dosyx_posts  JOIN QG6dosyx_icl_translations wpml_translations
							ON QG6dosyx_posts.ID = wpml_translations.element_id
								AND wpml_translations.element_type = CONCAT('post_', QG6dosyx_posts.post_type) 
					 WHERE 1=1  AND QG6dosyx_posts.post_type = 'page' AND ((QG6dosyx_posts.post_status = 'publish')) AND ( ( ( wpml_translations.language_code = 'en' OR 0 ) AND QG6dosyx_posts.post_type  IN ('post','page','attachment','wp_block','wp_template','wp_template_part','wp_navigation','home-features-banner','testimonial','product','product_variation','shop_order_placehold','sp_accordion_faqs','sp_wp_tabs','wpforms-template' )  ) OR QG6dosyx_posts.post_type  NOT  IN ('post','page','attachment','wp_block','wp_template','wp_template_part','wp_navigation','home-features-banner','testimonial','product','product_variation','shop_order_placehold','sp_accordion_faqs','sp_wp_tabs','wpforms-template' )  )
					 
					 ORDER BY QG6dosyx_posts.menu_order ASC, QG6dosyx_posts.post_title ASC
					 
[11-Jun-2025 08:57:51 UTC] SELECT   QG6dosyx_posts.*
					 FROM QG6dosyx_posts  JOIN QG6dosyx_icl_translations wpml_translations
							ON QG6dosyx_posts.ID = wpml_translations.element_id
								AND wpml_translations.element_type = CONCAT('post_', QG6dosyx_posts.post_type) 
					 WHERE 1=1  AND QG6dosyx_posts.post_type = 'page' AND ((QG6dosyx_posts.post_status = 'publish')) AND ( ( ( wpml_translations.language_code = 'en' OR 0 ) AND QG6dosyx_posts.post_type  IN ('post','page','attachment','wp_block','wp_template','wp_template_part','wp_navigation','home-features-banner','testimonial','product','product_variation','shop_order_placehold','sp_accordion_faqs','sp_wp_tabs','wpforms-template' )  ) OR QG6dosyx_posts.post_type  NOT  IN ('post','page','attachment','wp_block','wp_template','wp_template_part','wp_navigation','home-features-banner','testimonial','product','product_variation','shop_order_placehold','sp_accordion_faqs','sp_wp_tabs','wpforms-template' )  )
					 
					 ORDER BY QG6dosyx_posts.menu_order ASC, QG6dosyx_posts.post_title ASC
					 
[11-Jun-2025 08:57:54 UTC] PHP Deprecated:  Automatic conversion of false to array is deprecated in C:\xampp\htdocs\junior-salon\wp-content\plugins\wpml-sticky-links\classes\class-wpml-sticky-links.php on line 19
[11-Jun-2025 08:57:57 UTC] SELECT   QG6dosyx_posts.*
					 FROM QG6dosyx_posts 
					 WHERE 1=1  AND QG6dosyx_posts.post_type = 'acf-taxonomy' AND ((QG6dosyx_posts.post_status = 'publish' OR QG6dosyx_posts.post_status = 'acf-disabled'))
					 
					 ORDER BY QG6dosyx_posts.menu_order ASC, QG6dosyx_posts.post_title ASC
					 
[11-Jun-2025 08:57:57 UTC] SELECT   QG6dosyx_posts.*
					 FROM QG6dosyx_posts 
					 WHERE 1=1  AND QG6dosyx_posts.post_type = 'acf-post-type' AND ((QG6dosyx_posts.post_status = 'publish' OR QG6dosyx_posts.post_status = 'acf-disabled'))
					 
					 ORDER BY QG6dosyx_posts.menu_order ASC, QG6dosyx_posts.post_title ASC
					 
[11-Jun-2025 08:57:59 UTC] SELECT SQL_CALC_FOUND_ROWS  QG6dosyx_posts.*
					 FROM QG6dosyx_posts 
					 WHERE 1=1  AND ((QG6dosyx_posts.post_type = 'post' AND (QG6dosyx_posts.post_status = 'publish' OR QG6dosyx_posts.post_status = 'acf-disabled' 
OR QG6dosyx_posts.post_status = 'private')))
					 
					 ORDER BY QG6dosyx_posts.post_date DESC
					 LIMIT 0, 10
[11-Jun-2025 08:58:05 UTC] PHP Deprecated:  Automatic conversion of false to array is deprecated in C:\xampp\htdocs\junior-salon\wp-content\plugins\wpml-sticky-links\classes\class-wpml-sticky-links.php on line 19
[11-Jun-2025 08:58:05 UTC] PHP Deprecated:  Automatic conversion of false to array is deprecated in C:\xampp\htdocs\junior-salon\wp-content\plugins\wpml-sticky-links\classes\class-wpml-sticky-links.php on line 19
[11-Jun-2025 08:58:07 UTC] PHP Deprecated:  Automatic conversion of false to array is deprecated in C:\xampp\htdocs\junior-salon\wp-content\plugins\wpml-sticky-links\classes\class-wpml-sticky-links.php on line 19
[11-Jun-2025 08:58:09 UTC] SELECT   QG6dosyx_posts.*
					 FROM QG6dosyx_posts 
					 WHERE 1=1  AND QG6dosyx_posts.post_type = 'acf-taxonomy' AND ((QG6dosyx_posts.post_status = 'publish' OR QG6dosyx_posts.post_status = 'acf-disabled'))
					 
					 ORDER BY QG6dosyx_posts.menu_order ASC, QG6dosyx_posts.post_title ASC
					 
[11-Jun-2025 08:58:09 UTC] SELECT   QG6dosyx_posts.*
					 FROM QG6dosyx_posts 
					 WHERE 1=1  AND QG6dosyx_posts.post_type = 'acf-post-type' AND ((QG6dosyx_posts.post_status = 'publish' OR QG6dosyx_posts.post_status = 'acf-disabled'))
					 
					 ORDER BY QG6dosyx_posts.menu_order ASC, QG6dosyx_posts.post_title ASC
					 
[11-Jun-2025 08:58:09 UTC] SELECT   QG6dosyx_posts.*
					 FROM QG6dosyx_posts 
					 WHERE 1=1  AND QG6dosyx_posts.post_type = 'acf-taxonomy' AND ((QG6dosyx_posts.post_status = 'publish' OR QG6dosyx_posts.post_status = 'acf-disabled'))
					 
					 ORDER BY QG6dosyx_posts.menu_order ASC, QG6dosyx_posts.post_title ASC
					 
[11-Jun-2025 08:58:09 UTC] SELECT   QG6dosyx_posts.*
					 FROM QG6dosyx_posts 
					 WHERE 1=1  AND QG6dosyx_posts.post_type = 'acf-post-type' AND ((QG6dosyx_posts.post_status = 'publish' OR QG6dosyx_posts.post_status = 'acf-disabled'))
					 
					 ORDER BY QG6dosyx_posts.menu_order ASC, QG6dosyx_posts.post_title ASC
					 
[11-Jun-2025 08:58:11 UTC] SELECT   QG6dosyx_posts.*
					 FROM QG6dosyx_posts 
					 WHERE 1=1  AND QG6dosyx_posts.post_name = 'toolset-woocommerce-fields' AND QG6dosyx_posts.post_type = 'wp-types-group'
					 
					 ORDER BY QG6dosyx_posts.post_date DESC
					 
[11-Jun-2025 08:58:11 UTC] SELECT   QG6dosyx_posts.*
					 FROM QG6dosyx_posts 
					 WHERE 1=1  AND QG6dosyx_posts.post_type = 'acf-taxonomy' AND ((QG6dosyx_posts.post_status = 'publish' OR QG6dosyx_posts.post_status = 'acf-disabled'))
					 
					 ORDER BY QG6dosyx_posts.menu_order ASC, QG6dosyx_posts.post_title ASC
					 
[11-Jun-2025 08:58:11 UTC] SELECT   QG6dosyx_posts.*
					 FROM QG6dosyx_posts 
					 WHERE 1=1  AND QG6dosyx_posts.post_type = 'acf-post-type' AND ((QG6dosyx_posts.post_status = 'publish' OR QG6dosyx_posts.post_status = 'acf-disabled'))
					 
					 ORDER BY QG6dosyx_posts.menu_order ASC, QG6dosyx_posts.post_title ASC
					 
[11-Jun-2025 08:58:15 UTC] SELECT   QG6dosyx_posts.*
					 FROM QG6dosyx_posts 
					 WHERE 1=1  AND QG6dosyx_posts.post_type = 'acf-field-group' AND ((QG6dosyx_posts.post_status = 'publish' OR QG6dosyx_posts.post_status = 'acf-disabled'))
					 
					 ORDER BY QG6dosyx_posts.menu_order ASC, QG6dosyx_posts.post_title ASC
					 
[11-Jun-2025 08:58:16 UTC] PHP Deprecated:  Automatic conversion of false to array is deprecated in C:\xampp\htdocs\junior-salon\wp-content\plugins\wpml-sticky-links\classes\class-wpml-sticky-links.php on line 19
[11-Jun-2025 08:58:16 UTC] PHP Deprecated:  Automatic conversion of false to array is deprecated in C:\xampp\htdocs\junior-salon\wp-content\plugins\wpml-sticky-links\classes\class-wpml-sticky-links.php on line 19
[11-Jun-2025 08:58:16 UTC] PHP Deprecated:  Automatic conversion of false to array is deprecated in C:\xampp\htdocs\junior-salon\wp-content\plugins\wpml-sticky-links\classes\class-wpml-sticky-links.php on line 19
[11-Jun-2025 08:58:21 UTC] SELECT   QG6dosyx_posts.*
					 FROM QG6dosyx_posts 
					 WHERE 1=1  AND QG6dosyx_posts.post_type = 'wp-types-group' AND ((QG6dosyx_posts.post_status = 'publish'))
					 
					 ORDER BY QG6dosyx_posts.post_date DESC
					 
[11-Jun-2025 08:58:22 UTC] PHP Deprecated:  Automatic conversion of false to array is deprecated in C:\xampp\htdocs\junior-salon\wp-content\plugins\wpml-sticky-links\classes\class-wpml-sticky-links.php on line 19
[11-Jun-2025 08:58:22 UTC] SELECT   QG6dosyx_posts.*
					 FROM QG6dosyx_posts 
					 WHERE 1=1  AND QG6dosyx_posts.post_type = 'acf-taxonomy' AND ((QG6dosyx_posts.post_status = 'publish' OR QG6dosyx_posts.post_status = 'acf-disabled'))
					 
					 ORDER BY QG6dosyx_posts.menu_order ASC, QG6dosyx_posts.post_title ASC
					 
[11-Jun-2025 08:58:22 UTC] SELECT   QG6dosyx_posts.*
					 FROM QG6dosyx_posts 
					 WHERE 1=1  AND QG6dosyx_posts.post_type = 'acf-post-type' AND ((QG6dosyx_posts.post_status = 'publish' OR QG6dosyx_posts.post_status = 'acf-disabled'))
					 
					 ORDER BY QG6dosyx_posts.menu_order ASC, QG6dosyx_posts.post_title ASC
					 
[11-Jun-2025 08:58:23 UTC] SELECT   QG6dosyx_posts.*
					 FROM QG6dosyx_posts 
					 WHERE 1=1  AND QG6dosyx_posts.post_type = 'acf-taxonomy' AND ((QG6dosyx_posts.post_status = 'publish' OR QG6dosyx_posts.post_status = 'acf-disabled'))
					 
					 ORDER BY QG6dosyx_posts.menu_order ASC, QG6dosyx_posts.post_title ASC
					 
[11-Jun-2025 08:58:23 UTC] SELECT   QG6dosyx_posts.*
					 FROM QG6dosyx_posts 
					 WHERE 1=1  AND QG6dosyx_posts.post_type = 'acf-post-type' AND ((QG6dosyx_posts.post_status = 'publish' OR QG6dosyx_posts.post_status = 'acf-disabled'))
					 
					 ORDER BY QG6dosyx_posts.menu_order ASC, QG6dosyx_posts.post_title ASC
					 
[11-Jun-2025 08:58:23 UTC] SELECT   QG6dosyx_posts.*
					 FROM QG6dosyx_posts 
					 WHERE 1=1  AND QG6dosyx_posts.post_type = 'acf-taxonomy' AND ((QG6dosyx_posts.post_status = 'publish' OR QG6dosyx_posts.post_status = 'acf-disabled'))
					 
					 ORDER BY QG6dosyx_posts.menu_order ASC, QG6dosyx_posts.post_title ASC
					 
[11-Jun-2025 08:58:23 UTC] SELECT   QG6dosyx_posts.*
					 FROM QG6dosyx_posts 
					 WHERE 1=1  AND QG6dosyx_posts.post_type = 'acf-post-type' AND ((QG6dosyx_posts.post_status = 'publish' OR QG6dosyx_posts.post_status = 'acf-disabled'))
					 
					 ORDER BY QG6dosyx_posts.menu_order ASC, QG6dosyx_posts.post_title ASC
					 
[11-Jun-2025 08:58:27 UTC] SELECT   QG6dosyx_posts.*
					 FROM QG6dosyx_posts 
					 WHERE 1=1  AND QG6dosyx_posts.post_type = 'acf-taxonomy' AND ((QG6dosyx_posts.post_status = 'publish' OR QG6dosyx_posts.post_status = 'acf-disabled'))
					 
					 ORDER BY QG6dosyx_posts.menu_order ASC, QG6dosyx_posts.post_title ASC
					 
[11-Jun-2025 08:58:27 UTC] SELECT   QG6dosyx_posts.*
					 FROM QG6dosyx_posts 
					 WHERE 1=1  AND QG6dosyx_posts.post_type = 'acf-post-type' AND ((QG6dosyx_posts.post_status = 'publish' OR QG6dosyx_posts.post_status = 'acf-disabled'))
					 
					 ORDER BY QG6dosyx_posts.menu_order ASC, QG6dosyx_posts.post_title ASC
					 
[11-Jun-2025 08:58:32 UTC] PHP Fatal error:  Uncaught RuntimeException: Unable to release actions from claim id 0. in C:\xampp\htdocs\junior-salon\wp-content\plugins\woocommerce\packages\action-scheduler\classes\data-stores\ActionScheduler_DBStore.php:1128
Stack trace:
#0 C:\xampp\htdocs\junior-salon\wp-content\plugins\woocommerce\packages\action-scheduler\classes\data-stores\ActionScheduler_HybridStore.php(440): ActionScheduler_DBStore->release_claim(Object(ActionScheduler_ActionClaim))
#1 C:\xampp\htdocs\junior-salon\wp-content\plugins\woocommerce\packages\action-scheduler\classes\ActionScheduler_QueueRunner.php(195): ActionScheduler_HybridStore->release_claim(Object(ActionScheduler_ActionClaim))
#2 C:\xampp\htdocs\junior-salon\wp-content\plugins\woocommerce\packages\action-scheduler\classes\ActionScheduler_QueueRunner.php(158): ActionScheduler_QueueRunner->do_batch(25, 'WP Cron')
#3 C:\xampp\htdocs\junior-salon\wp-includes\class-wp-hook.php(324): ActionScheduler_QueueRunner->run('WP Cron')
#4 C:\xampp\htdocs\junior-salon\wp-includes\class-wp-hook.php(348): WP_Hook->apply_filters('', Array)
#5 C:\xampp\htdocs\junior-salon\wp-includes\plugin.php(565): WP_Hook->do_action(Array)
#6 C:\xampp\htdocs\junior-salon\wp-cron.php(191): do_action_ref_array('action_schedule...', Array)
#7 {main}
  thrown in C:\xampp\htdocs\junior-salon\wp-content\plugins\woocommerce\packages\action-scheduler\classes\data-stores\ActionScheduler_DBStore.php on line 1128
[11-Jun-2025 08:58:32 UTC] PHP Fatal error:  Uncaught RuntimeException: Unable to release actions from claim id 0. in C:\xampp\htdocs\junior-salon\wp-content\plugins\woocommerce\packages\action-scheduler\classes\data-stores\ActionScheduler_DBStore.php:1128
Stack trace:
#0 C:\xampp\htdocs\junior-salon\wp-content\plugins\woocommerce\packages\action-scheduler\classes\data-stores\ActionScheduler_HybridStore.php(440): ActionScheduler_DBStore->release_claim(Object(ActionScheduler_ActionClaim))
#1 C:\xampp\htdocs\junior-salon\wp-content\plugins\woocommerce\packages\action-scheduler\classes\ActionScheduler_FatalErrorMonitor.php(95): ActionScheduler_HybridStore->release_claim(Object(ActionScheduler_ActionClaim))
#2 C:\xampp\htdocs\junior-salon\wp-includes\class-wp-hook.php(324): ActionScheduler_FatalErrorMonitor->handle_unexpected_shutdown('')
#3 C:\xampp\htdocs\junior-salon\wp-includes\class-wp-hook.php(348): WP_Hook->apply_filters(NULL, Array)
#4 C:\xampp\htdocs\junior-salon\wp-includes\plugin.php(517): WP_Hook->do_action(Array)
#5 C:\xampp\htdocs\junior-salon\wp-includes\load.php(1304): do_action('shutdown')
#6 [internal function]: shutdown_action_hook()
#7 {main}
  thrown in C:\xampp\htdocs\junior-salon\wp-content\plugins\woocommerce\packages\action-scheduler\classes\data-stores\ActionScheduler_DBStore.php on line 1128
[11-Jun-2025 08:58:33 UTC] SELECT SQL_CALC_FOUND_ROWS  QG6dosyx_posts.ID
					 FROM QG6dosyx_posts 
					 WHERE 1=1  AND QG6dosyx_posts.post_parent = 24  AND QG6dosyx_posts.post_type = 'revision' AND ((QG6dosyx_posts.post_status = 'inherit'))
					 
					 ORDER BY QG6dosyx_posts.post_date DESC, QG6dosyx_posts.ID DESC
					 LIMIT 0, 1
[11-Jun-2025 08:58:34 UTC] PHP Deprecated:  Automatic conversion of false to array is deprecated in C:\xampp\htdocs\junior-salon\wp-content\plugins\wpml-sticky-links\classes\class-wpml-sticky-links.php on line 19
[11-Jun-2025 08:58:34 UTC] PHP Deprecated:  Automatic conversion of false to array is deprecated in C:\xampp\htdocs\junior-salon\wp-content\plugins\wpml-sticky-links\classes\class-wpml-sticky-links.php on line 19
[11-Jun-2025 08:58:34 UTC] PHP Deprecated:  Automatic conversion of false to array is deprecated in C:\xampp\htdocs\junior-salon\wp-content\plugins\wpml-sticky-links\classes\class-wpml-sticky-links.php on line 19
[11-Jun-2025 08:58:35 UTC] PHP Deprecated:  Automatic conversion of false to array is deprecated in C:\xampp\htdocs\junior-salon\wp-content\plugins\wpml-sticky-links\classes\class-wpml-sticky-links.php on line 19
[11-Jun-2025 08:58:35 UTC] SELECT   QG6dosyx_posts.*
					 FROM QG6dosyx_posts  JOIN QG6dosyx_icl_translations wpml_translations
							ON QG6dosyx_posts.ID = wpml_translations.element_id
								AND wpml_translations.element_type = CONCAT('post_', QG6dosyx_posts.post_type) 
					 WHERE 1=1  AND QG6dosyx_posts.post_name IN ('index','page','page-home','singular') AND ( 
  0 = 1
) AND QG6dosyx_posts.post_type = 'wp_template' AND ((QG6dosyx_posts.post_status = 'publish')) AND ( ( ( wpml_translations.language_code = 'en' OR 0 ) AND QG6dosyx_posts.post_type  IN ('post','page','attachment','wp_block','wp_template','wp_template_part','wp_navigation','home-features-banner','testimonial','product','product_variation','shop_order_placehold','sp_accordion_faqs','sp_wp_tabs','wpforms-template' )  ) OR QG6dosyx_posts.post_type  NOT  IN ('post','page','attachment','wp_block','wp_template','wp_template_part','wp_navigation','home-features-banner','testimonial','product','product_variation','shop_order_placehold','sp_accordion_faqs','sp_wp_tabs','wpforms-template' )  )
					 GROUP BY QG6dosyx_posts.ID
					 ORDER BY QG6dosyx_posts.post_date DESC
					 LIMIT 0, 4
[11-Jun-2025 08:58:35 UTC] SELECT   QG6dosyx_posts.*
					 FROM QG6dosyx_posts  JOIN QG6dosyx_icl_translations wpml_translations
							ON QG6dosyx_posts.ID = wpml_translations.element_id
								AND wpml_translations.element_type = CONCAT('post_', QG6dosyx_posts.post_type) 
					 WHERE 1=1  AND QG6dosyx_posts.post_name IN ('index','page','singular') AND ( 
  0 = 1
) AND QG6dosyx_posts.post_type = 'wp_template' AND ((QG6dosyx_posts.post_status = 'publish')) AND ( ( ( wpml_translations.language_code = 'en' OR 0 ) AND QG6dosyx_posts.post_type  IN ('post','page','attachment','wp_block','wp_template','wp_template_part','wp_navigation','home-features-banner','testimonial','product','product_variation','shop_order_placehold','sp_accordion_faqs','sp_wp_tabs','wpforms-template' )  ) OR QG6dosyx_posts.post_type  NOT  IN ('post','page','attachment','wp_block','wp_template','wp_template_part','wp_navigation','home-features-banner','testimonial','product','product_variation','shop_order_placehold','sp_accordion_faqs','sp_wp_tabs','wpforms-template' )  )
					 GROUP BY QG6dosyx_posts.ID
					 ORDER BY QG6dosyx_posts.post_date DESC
					 LIMIT 0, 3
[11-Jun-2025 08:58:35 UTC] SELECT   QG6dosyx_posts.*
					 FROM QG6dosyx_posts  JOIN QG6dosyx_icl_translations wpml_translations
							ON QG6dosyx_posts.ID = wpml_translations.element_id
								AND wpml_translations.element_type = CONCAT('post_', QG6dosyx_posts.post_type) 
					 WHERE 1=1  AND QG6dosyx_posts.post_name IN ('index','singular') AND ( 
  0 = 1
) AND QG6dosyx_posts.post_type = 'wp_template' AND ((QG6dosyx_posts.post_status = 'publish')) AND ( ( ( wpml_translations.language_code = 'en' OR 0 ) AND QG6dosyx_posts.post_type  IN ('post','page','attachment','wp_block','wp_template','wp_template_part','wp_navigation','home-features-banner','testimonial','product','product_variation','shop_order_placehold','sp_accordion_faqs','sp_wp_tabs','wpforms-template' )  ) OR QG6dosyx_posts.post_type  NOT  IN ('post','page','attachment','wp_block','wp_template','wp_template_part','wp_navigation','home-features-banner','testimonial','product','product_variation','shop_order_placehold','sp_accordion_faqs','sp_wp_tabs','wpforms-template' )  )
					 GROUP BY QG6dosyx_posts.ID
					 ORDER BY QG6dosyx_posts.post_date DESC
					 LIMIT 0, 2
[11-Jun-2025 08:58:35 UTC] SELECT   QG6dosyx_posts.*
					 FROM QG6dosyx_posts  JOIN QG6dosyx_icl_translations wpml_translations
							ON QG6dosyx_posts.ID = wpml_translations.element_id
								AND wpml_translations.element_type = CONCAT('post_', QG6dosyx_posts.post_type) 
					 WHERE 1=1  AND QG6dosyx_posts.post_name IN ('index') AND ( 
  0 = 1
) AND QG6dosyx_posts.post_type = 'wp_template' AND ((QG6dosyx_posts.post_status = 'publish')) AND ( ( ( wpml_translations.language_code = 'en' OR 0 ) AND QG6dosyx_posts.post_type  IN ('post','page','attachment','wp_block','wp_template','wp_template_part','wp_navigation','home-features-banner','testimonial','product','product_variation','shop_order_placehold','sp_accordion_faqs','sp_wp_tabs','wpforms-template' )  ) OR QG6dosyx_posts.post_type  NOT  IN ('post','page','attachment','wp_block','wp_template','wp_template_part','wp_navigation','home-features-banner','testimonial','product','product_variation','shop_order_placehold','sp_accordion_faqs','sp_wp_tabs','wpforms-template' )  )
					 GROUP BY QG6dosyx_posts.ID
					 ORDER BY QG6dosyx_posts.post_date DESC
					 LIMIT 0, 1
[11-Jun-2025 08:58:35 UTC] SELECT   QG6dosyx_posts.ID
					 FROM QG6dosyx_posts 
					 WHERE 1=1  AND QG6dosyx_posts.post_name = '24-autosave-v1' AND QG6dosyx_posts.post_parent = 24  AND QG6dosyx_posts.post_type = 'revision' AND ((QG6dosyx_posts.post_status = 'inherit'))
					 
					 ORDER BY QG6dosyx_posts.post_date DESC
					 
[11-Jun-2025 08:58:37 UTC] PHP Deprecated:  Automatic conversion of false to array is deprecated in C:\xampp\htdocs\junior-salon\wp-content\plugins\wpml-sticky-links\classes\class-wpml-sticky-links.php on line 19
[11-Jun-2025 08:58:37 UTC] PHP Deprecated:  Automatic conversion of false to array is deprecated in C:\xampp\htdocs\junior-salon\wp-content\plugins\wpml-sticky-links\classes\class-wpml-sticky-links.php on line 19
[11-Jun-2025 08:58:40 UTC] SELECT   QG6dosyx_posts.*
					 FROM QG6dosyx_posts 
					 WHERE 1=1  AND QG6dosyx_posts.post_type = 'wpforms' AND ((QG6dosyx_posts.post_status = 'publish'))
					 
					 ORDER BY QG6dosyx_posts.post_date DESC
					 
[11-Jun-2025 08:58:42 UTC] SELECT   QG6dosyx_posts.*
					 FROM QG6dosyx_posts 
					 WHERE 1=1  AND QG6dosyx_posts.post_type = 'acf-taxonomy' AND ((QG6dosyx_posts.post_status = 'publish' OR QG6dosyx_posts.post_status = 'acf-disabled'))
					 
					 ORDER BY QG6dosyx_posts.menu_order ASC, QG6dosyx_posts.post_title ASC
					 
[11-Jun-2025 08:58:42 UTC] SELECT   QG6dosyx_posts.*
					 FROM QG6dosyx_posts 
					 WHERE 1=1  AND QG6dosyx_posts.post_type = 'acf-post-type' AND ((QG6dosyx_posts.post_status = 'publish' OR QG6dosyx_posts.post_status = 'acf-disabled'))
					 
					 ORDER BY QG6dosyx_posts.menu_order ASC, QG6dosyx_posts.post_title ASC
					 
[11-Jun-2025 08:58:42 UTC] SELECT   QG6dosyx_posts.*
					 FROM QG6dosyx_posts 
					 WHERE 1=1  AND QG6dosyx_posts.post_type = 'acf-taxonomy' AND ((QG6dosyx_posts.post_status = 'publish' OR QG6dosyx_posts.post_status = 'acf-disabled'))
					 
					 ORDER BY QG6dosyx_posts.menu_order ASC, QG6dosyx_posts.post_title ASC
					 
[11-Jun-2025 08:58:42 UTC] SELECT   QG6dosyx_posts.*
					 FROM QG6dosyx_posts 
					 WHERE 1=1  AND QG6dosyx_posts.post_type = 'acf-post-type' AND ((QG6dosyx_posts.post_status = 'publish' OR QG6dosyx_posts.post_status = 'acf-disabled'))
					 
					 ORDER BY QG6dosyx_posts.menu_order ASC, QG6dosyx_posts.post_title ASC
					 
[11-Jun-2025 08:58:42 UTC] SELECT   QG6dosyx_posts.*
					 FROM QG6dosyx_posts 
					 WHERE 1=1  AND QG6dosyx_posts.post_type = 'acf-taxonomy' AND ((QG6dosyx_posts.post_status = 'publish' OR QG6dosyx_posts.post_status = 'acf-disabled'))
					 
					 ORDER BY QG6dosyx_posts.menu_order ASC, QG6dosyx_posts.post_title ASC
					 
[11-Jun-2025 08:58:42 UTC] SELECT   QG6dosyx_posts.*
					 FROM QG6dosyx_posts 
					 WHERE 1=1  AND QG6dosyx_posts.post_type = 'acf-post-type' AND ((QG6dosyx_posts.post_status = 'publish' OR QG6dosyx_posts.post_status = 'acf-disabled'))
					 
					 ORDER BY QG6dosyx_posts.menu_order ASC, QG6dosyx_posts.post_title ASC
					 
[11-Jun-2025 08:58:43 UTC] SELECT   QG6dosyx_posts.*
					 FROM QG6dosyx_posts 
					 WHERE 1=1  AND QG6dosyx_posts.post_type = 'acf-taxonomy' AND ((QG6dosyx_posts.post_status = 'publish' OR QG6dosyx_posts.post_status = 'acf-disabled'))
					 
					 ORDER BY QG6dosyx_posts.menu_order ASC, QG6dosyx_posts.post_title ASC
					 
[11-Jun-2025 08:58:43 UTC] SELECT   QG6dosyx_posts.*
					 FROM QG6dosyx_posts 
					 WHERE 1=1  AND QG6dosyx_posts.post_type = 'acf-post-type' AND ((QG6dosyx_posts.post_status = 'publish' OR QG6dosyx_posts.post_status = 'acf-disabled'))
					 
					 ORDER BY QG6dosyx_posts.menu_order ASC, QG6dosyx_posts.post_title ASC
					 
[11-Jun-2025 08:58:44 UTC] SELECT   QG6dosyx_posts.*
					 FROM QG6dosyx_posts 
					 WHERE 1=1  AND QG6dosyx_posts.post_type = 'acf-taxonomy' AND ((QG6dosyx_posts.post_status = 'publish' OR QG6dosyx_posts.post_status = 'acf-disabled'))
					 
					 ORDER BY QG6dosyx_posts.menu_order ASC, QG6dosyx_posts.post_title ASC
					 
[11-Jun-2025 08:58:44 UTC] SELECT   QG6dosyx_posts.*
					 FROM QG6dosyx_posts 
					 WHERE 1=1  AND QG6dosyx_posts.post_type = 'acf-post-type' AND ((QG6dosyx_posts.post_status = 'publish' OR QG6dosyx_posts.post_status = 'acf-disabled'))
					 
					 ORDER BY QG6dosyx_posts.menu_order ASC, QG6dosyx_posts.post_title ASC
					 
[11-Jun-2025 08:58:45 UTC] SELECT   QG6dosyx_posts.*
					 FROM QG6dosyx_posts 
					 WHERE 1=1  AND QG6dosyx_posts.post_type = 'acf-taxonomy' AND ((QG6dosyx_posts.post_status = 'publish' OR QG6dosyx_posts.post_status = 'acf-disabled'))
					 
					 ORDER BY QG6dosyx_posts.menu_order ASC, QG6dosyx_posts.post_title ASC
					 
[11-Jun-2025 08:58:45 UTC] SELECT   QG6dosyx_posts.*
					 FROM QG6dosyx_posts 
					 WHERE 1=1  AND QG6dosyx_posts.post_type = 'acf-post-type' AND ((QG6dosyx_posts.post_status = 'publish' OR QG6dosyx_posts.post_status = 'acf-disabled'))
					 
					 ORDER BY QG6dosyx_posts.menu_order ASC, QG6dosyx_posts.post_title ASC
					 
[11-Jun-2025 08:58:46 UTC] PHP Fatal error:  Uncaught RuntimeException: Unable to release actions from claim id 0. in C:\xampp\htdocs\junior-salon\wp-content\plugins\woocommerce\packages\action-scheduler\classes\data-stores\ActionScheduler_DBStore.php:1128
Stack trace:
#0 C:\xampp\htdocs\junior-salon\wp-content\plugins\woocommerce\packages\action-scheduler\classes\data-stores\ActionScheduler_HybridStore.php(440): ActionScheduler_DBStore->release_claim(Object(ActionScheduler_ActionClaim))
#1 C:\xampp\htdocs\junior-salon\wp-content\plugins\woocommerce\packages\action-scheduler\classes\ActionScheduler_QueueRunner.php(195): ActionScheduler_HybridStore->release_claim(Object(ActionScheduler_ActionClaim))
#2 C:\xampp\htdocs\junior-salon\wp-content\plugins\woocommerce\packages\action-scheduler\classes\ActionScheduler_QueueRunner.php(158): ActionScheduler_QueueRunner->do_batch(25, 'WP Cron')
#3 C:\xampp\htdocs\junior-salon\wp-includes\class-wp-hook.php(324): ActionScheduler_QueueRunner->run('WP Cron')
#4 C:\xampp\htdocs\junior-salon\wp-includes\class-wp-hook.php(348): WP_Hook->apply_filters('', Array)
#5 C:\xampp\htdocs\junior-salon\wp-includes\plugin.php(565): WP_Hook->do_action(Array)
#6 C:\xampp\htdocs\junior-salon\wp-cron.php(191): do_action_ref_array('action_schedule...', Array)
#7 {main}
  thrown in C:\xampp\htdocs\junior-salon\wp-content\plugins\woocommerce\packages\action-scheduler\classes\data-stores\ActionScheduler_DBStore.php on line 1128
[11-Jun-2025 08:58:46 UTC] PHP Fatal error:  Uncaught RuntimeException: Unable to release actions from claim id 0. in C:\xampp\htdocs\junior-salon\wp-content\plugins\woocommerce\packages\action-scheduler\classes\data-stores\ActionScheduler_DBStore.php:1128
Stack trace:
#0 C:\xampp\htdocs\junior-salon\wp-content\plugins\woocommerce\packages\action-scheduler\classes\data-stores\ActionScheduler_HybridStore.php(440): ActionScheduler_DBStore->release_claim(Object(ActionScheduler_ActionClaim))
#1 C:\xampp\htdocs\junior-salon\wp-content\plugins\woocommerce\packages\action-scheduler\classes\ActionScheduler_FatalErrorMonitor.php(95): ActionScheduler_HybridStore->release_claim(Object(ActionScheduler_ActionClaim))
#2 C:\xampp\htdocs\junior-salon\wp-includes\class-wp-hook.php(324): ActionScheduler_FatalErrorMonitor->handle_unexpected_shutdown('')
#3 C:\xampp\htdocs\junior-salon\wp-includes\class-wp-hook.php(348): WP_Hook->apply_filters(NULL, Array)
#4 C:\xampp\htdocs\junior-salon\wp-includes\plugin.php(517): WP_Hook->do_action(Array)
#5 C:\xampp\htdocs\junior-salon\wp-includes\load.php(1304): do_action('shutdown')
#6 [internal function]: shutdown_action_hook()
#7 {main}
  thrown in C:\xampp\htdocs\junior-salon\wp-content\plugins\woocommerce\packages\action-scheduler\classes\data-stores\ActionScheduler_DBStore.php on line 1128
[11-Jun-2025 08:58:46 UTC] PHP Fatal error:  Uncaught RuntimeException: Unable to release actions from claim id 0. in C:\xampp\htdocs\junior-salon\wp-content\plugins\woocommerce\packages\action-scheduler\classes\data-stores\ActionScheduler_DBStore.php:1128
Stack trace:
#0 C:\xampp\htdocs\junior-salon\wp-content\plugins\woocommerce\packages\action-scheduler\classes\data-stores\ActionScheduler_HybridStore.php(440): ActionScheduler_DBStore->release_claim(Object(ActionScheduler_ActionClaim))
#1 C:\xampp\htdocs\junior-salon\wp-content\plugins\woocommerce\packages\action-scheduler\classes\ActionScheduler_QueueRunner.php(195): ActionScheduler_HybridStore->release_claim(Object(ActionScheduler_ActionClaim))
#2 C:\xampp\htdocs\junior-salon\wp-content\plugins\woocommerce\packages\action-scheduler\classes\ActionScheduler_QueueRunner.php(158): ActionScheduler_QueueRunner->do_batch(25, 'WP Cron')
#3 C:\xampp\htdocs\junior-salon\wp-includes\class-wp-hook.php(324): ActionScheduler_QueueRunner->run('WP Cron')
#4 C:\xampp\htdocs\junior-salon\wp-includes\class-wp-hook.php(348): WP_Hook->apply_filters('', Array)
#5 C:\xampp\htdocs\junior-salon\wp-includes\plugin.php(565): WP_Hook->do_action(Array)
#6 C:\xampp\htdocs\junior-salon\wp-cron.php(191): do_action_ref_array('action_schedule...', Array)
#7 {main}
  thrown in C:\xampp\htdocs\junior-salon\wp-content\plugins\woocommerce\packages\action-scheduler\classes\data-stores\ActionScheduler_DBStore.php on line 1128
[11-Jun-2025 08:58:46 UTC] PHP Fatal error:  Uncaught RuntimeException: Unable to release actions from claim id 0. in C:\xampp\htdocs\junior-salon\wp-content\plugins\woocommerce\packages\action-scheduler\classes\data-stores\ActionScheduler_DBStore.php:1128
Stack trace:
#0 C:\xampp\htdocs\junior-salon\wp-content\plugins\woocommerce\packages\action-scheduler\classes\data-stores\ActionScheduler_HybridStore.php(440): ActionScheduler_DBStore->release_claim(Object(ActionScheduler_ActionClaim))
#1 C:\xampp\htdocs\junior-salon\wp-content\plugins\woocommerce\packages\action-scheduler\classes\ActionScheduler_FatalErrorMonitor.php(95): ActionScheduler_HybridStore->release_claim(Object(ActionScheduler_ActionClaim))
#2 C:\xampp\htdocs\junior-salon\wp-includes\class-wp-hook.php(324): ActionScheduler_FatalErrorMonitor->handle_unexpected_shutdown('')
#3 C:\xampp\htdocs\junior-salon\wp-includes\class-wp-hook.php(348): WP_Hook->apply_filters(NULL, Array)
#4 C:\xampp\htdocs\junior-salon\wp-includes\plugin.php(517): WP_Hook->do_action(Array)
#5 C:\xampp\htdocs\junior-salon\wp-includes\load.php(1304): do_action('shutdown')
#6 [internal function]: shutdown_action_hook()
#7 {main}
  thrown in C:\xampp\htdocs\junior-salon\wp-content\plugins\woocommerce\packages\action-scheduler\classes\data-stores\ActionScheduler_DBStore.php on line 1128
[11-Jun-2025 08:58:52 UTC] PHP Deprecated:  Automatic conversion of false to array is deprecated in C:\xampp\htdocs\junior-salon\wp-content\plugins\wpml-sticky-links\classes\class-wpml-sticky-links.php on line 19
[11-Jun-2025 08:58:53 UTC] SELECT SQL_CALC_FOUND_ROWS  QG6dosyx_posts.ID
					 FROM QG6dosyx_posts 
					 WHERE 1=1  AND QG6dosyx_posts.post_parent = 24  AND QG6dosyx_posts.post_type = 'revision' AND ((QG6dosyx_posts.post_status = 'inherit'))
					 
					 ORDER BY QG6dosyx_posts.post_date DESC, QG6dosyx_posts.ID DESC
					 LIMIT 0, 1
[11-Jun-2025 08:58:53 UTC] PHP Deprecated:  Automatic conversion of false to array is deprecated in C:\xampp\htdocs\junior-salon\wp-content\plugins\wpml-sticky-links\classes\class-wpml-sticky-links.php on line 19
[11-Jun-2025 08:58:56 UTC] PHP Deprecated:  Automatic conversion of false to array is deprecated in C:\xampp\htdocs\junior-salon\wp-content\plugins\wpml-sticky-links\classes\class-wpml-sticky-links.php on line 19
[11-Jun-2025 08:58:57 UTC] SELECT   QG6dosyx_posts.*
					 FROM QG6dosyx_posts 
					 WHERE 1=1  AND QG6dosyx_posts.post_type = 'acf-taxonomy' AND ((QG6dosyx_posts.post_status = 'publish' OR QG6dosyx_posts.post_status = 'acf-disabled'))
					 
					 ORDER BY QG6dosyx_posts.menu_order ASC, QG6dosyx_posts.post_title ASC
					 
[11-Jun-2025 08:58:57 UTC] SELECT   QG6dosyx_posts.*
					 FROM QG6dosyx_posts 
					 WHERE 1=1  AND QG6dosyx_posts.post_type = 'acf-post-type' AND ((QG6dosyx_posts.post_status = 'publish' OR QG6dosyx_posts.post_status = 'acf-disabled'))
					 
					 ORDER BY QG6dosyx_posts.menu_order ASC, QG6dosyx_posts.post_title ASC
					 
[11-Jun-2025 08:58:58 UTC] SELECT   QG6dosyx_posts.*
					 FROM QG6dosyx_posts 
					 WHERE 1=1  AND QG6dosyx_posts.post_type = 'acf-taxonomy' AND ((QG6dosyx_posts.post_status = 'publish' OR QG6dosyx_posts.post_status = 'acf-disabled'))
					 
					 ORDER BY QG6dosyx_posts.menu_order ASC, QG6dosyx_posts.post_title ASC
					 
[11-Jun-2025 08:58:58 UTC] SELECT   QG6dosyx_posts.*
					 FROM QG6dosyx_posts 
					 WHERE 1=1  AND QG6dosyx_posts.post_type = 'acf-post-type' AND ((QG6dosyx_posts.post_status = 'publish' OR QG6dosyx_posts.post_status = 'acf-disabled'))
					 
					 ORDER BY QG6dosyx_posts.menu_order ASC, QG6dosyx_posts.post_title ASC
					 
[11-Jun-2025 08:59:00 UTC] SELECT   QG6dosyx_posts.*
					 FROM QG6dosyx_posts 
					 WHERE 1=1  AND QG6dosyx_posts.post_type = 'wpforms' AND ((QG6dosyx_posts.post_status = 'publish'))
					 
					 ORDER BY QG6dosyx_posts.post_date ASC
					 
[11-Jun-2025 08:59:01 UTC] SELECT   QG6dosyx_posts.*
					 FROM QG6dosyx_posts 
					 WHERE 1=1  AND QG6dosyx_posts.post_type = 'acf-taxonomy' AND ((QG6dosyx_posts.post_status = 'publish' OR QG6dosyx_posts.post_status = 'acf-disabled'))
					 
					 ORDER BY QG6dosyx_posts.menu_order ASC, QG6dosyx_posts.post_title ASC
					 
[11-Jun-2025 08:59:01 UTC] SELECT   QG6dosyx_posts.*
					 FROM QG6dosyx_posts 
					 WHERE 1=1  AND QG6dosyx_posts.post_type = 'acf-post-type' AND ((QG6dosyx_posts.post_status = 'publish' OR QG6dosyx_posts.post_status = 'acf-disabled'))
					 
					 ORDER BY QG6dosyx_posts.menu_order ASC, QG6dosyx_posts.post_title ASC
					 
[11-Jun-2025 08:59:09 UTC] PHP Deprecated:  Automatic conversion of false to array is deprecated in C:\xampp\htdocs\junior-salon\wp-content\plugins\wpml-sticky-links\classes\class-wpml-sticky-links.php on line 19
[11-Jun-2025 08:59:10 UTC] PHP Deprecated:  Automatic conversion of false to array is deprecated in C:\xampp\htdocs\junior-salon\wp-content\plugins\wpml-sticky-links\classes\class-wpml-sticky-links.php on line 19
[11-Jun-2025 08:59:15 UTC] PHP Deprecated:  Automatic conversion of false to array is deprecated in C:\xampp\htdocs\junior-salon\wp-content\plugins\wpml-sticky-links\classes\class-wpml-sticky-links.php on line 19
[11-Jun-2025 08:59:17 UTC] PHP Deprecated:  Automatic conversion of false to array is deprecated in C:\xampp\htdocs\junior-salon\wp-content\plugins\wpml-sticky-links\classes\class-wpml-sticky-links.php on line 19
[11-Jun-2025 08:59:18 UTC] PHP Deprecated:  Automatic conversion of false to array is deprecated in C:\xampp\htdocs\junior-salon\wp-content\plugins\wpml-sticky-links\classes\class-wpml-sticky-links.php on line 19
[11-Jun-2025 08:59:18 UTC] SELECT   QG6dosyx_posts.*
					 FROM QG6dosyx_posts 
					 WHERE 1=1  AND QG6dosyx_posts.post_type = 'acf-taxonomy' AND ((QG6dosyx_posts.post_status = 'publish' OR QG6dosyx_posts.post_status = 'acf-disabled'))
					 
					 ORDER BY QG6dosyx_posts.menu_order ASC, QG6dosyx_posts.post_title ASC
					 
[11-Jun-2025 08:59:18 UTC] SELECT   QG6dosyx_posts.*
					 FROM QG6dosyx_posts 
					 WHERE 1=1  AND QG6dosyx_posts.post_type = 'acf-post-type' AND ((QG6dosyx_posts.post_status = 'publish' OR QG6dosyx_posts.post_status = 'acf-disabled'))
					 
					 ORDER BY QG6dosyx_posts.menu_order ASC, QG6dosyx_posts.post_title ASC
					 
[11-Jun-2025 08:59:20 UTC] SELECT   QG6dosyx_posts.*
					 FROM QG6dosyx_posts 
					 WHERE 1=1  AND QG6dosyx_posts.post_type = 'acf-taxonomy' AND ((QG6dosyx_posts.post_status = 'publish' OR QG6dosyx_posts.post_status = 'acf-disabled'))
					 
					 ORDER BY QG6dosyx_posts.menu_order ASC, QG6dosyx_posts.post_title ASC
					 
[11-Jun-2025 08:59:20 UTC] SELECT   QG6dosyx_posts.*
					 FROM QG6dosyx_posts 
					 WHERE 1=1  AND QG6dosyx_posts.post_type = 'acf-post-type' AND ((QG6dosyx_posts.post_status = 'publish' OR QG6dosyx_posts.post_status = 'acf-disabled'))
					 
					 ORDER BY QG6dosyx_posts.menu_order ASC, QG6dosyx_posts.post_title ASC
					 
[11-Jun-2025 08:59:20 UTC] PHP Deprecated:  Automatic conversion of false to array is deprecated in C:\xampp\htdocs\junior-salon\wp-content\plugins\wpml-sticky-links\classes\class-wpml-sticky-links.php on line 19
[11-Jun-2025 08:59:22 UTC] SELECT   QG6dosyx_posts.*
					 FROM QG6dosyx_posts 
					 WHERE 1=1  AND QG6dosyx_posts.post_type = 'acf-taxonomy' AND ((QG6dosyx_posts.post_status = 'publish' OR QG6dosyx_posts.post_status = 'acf-disabled'))
					 
					 ORDER BY QG6dosyx_posts.menu_order ASC, QG6dosyx_posts.post_title ASC
					 
[11-Jun-2025 08:59:22 UTC] SELECT   QG6dosyx_posts.*
					 FROM QG6dosyx_posts 
					 WHERE 1=1  AND QG6dosyx_posts.post_type = 'acf-post-type' AND ((QG6dosyx_posts.post_status = 'publish' OR QG6dosyx_posts.post_status = 'acf-disabled'))
					 
					 ORDER BY QG6dosyx_posts.menu_order ASC, QG6dosyx_posts.post_title ASC
					 
[11-Jun-2025 08:59:24 UTC] SELECT   QG6dosyx_posts.*
					 FROM QG6dosyx_posts 
					 WHERE 1=1  AND QG6dosyx_posts.post_type = 'acf-taxonomy' AND ((QG6dosyx_posts.post_status = 'publish' OR QG6dosyx_posts.post_status = 'acf-disabled'))
					 
					 ORDER BY QG6dosyx_posts.menu_order ASC, QG6dosyx_posts.post_title ASC
					 
[11-Jun-2025 08:59:24 UTC] SELECT   QG6dosyx_posts.*
					 FROM QG6dosyx_posts 
					 WHERE 1=1  AND QG6dosyx_posts.post_type = 'acf-post-type' AND ((QG6dosyx_posts.post_status = 'publish' OR QG6dosyx_posts.post_status = 'acf-disabled'))
					 
					 ORDER BY QG6dosyx_posts.menu_order ASC, QG6dosyx_posts.post_title ASC
					 
[11-Jun-2025 08:59:25 UTC] SELECT   QG6dosyx_posts.*
					 FROM QG6dosyx_posts 
					 WHERE 1=1  AND QG6dosyx_posts.post_type = 'acf-taxonomy' AND ((QG6dosyx_posts.post_status = 'publish' OR QG6dosyx_posts.post_status = 'acf-disabled'))
					 
					 ORDER BY QG6dosyx_posts.menu_order ASC, QG6dosyx_posts.post_title ASC
					 
[11-Jun-2025 08:59:25 UTC] SELECT   QG6dosyx_posts.*
					 FROM QG6dosyx_posts 
					 WHERE 1=1  AND QG6dosyx_posts.post_type = 'acf-post-type' AND ((QG6dosyx_posts.post_status = 'publish' OR QG6dosyx_posts.post_status = 'acf-disabled'))
					 
					 ORDER BY QG6dosyx_posts.menu_order ASC, QG6dosyx_posts.post_title ASC
					 
[11-Jun-2025 08:59:25 UTC] SELECT   QG6dosyx_posts.*
					 FROM QG6dosyx_posts 
					 WHERE 1=1  AND QG6dosyx_posts.post_type = 'acf-taxonomy' AND ((QG6dosyx_posts.post_status = 'publish' OR QG6dosyx_posts.post_status = 'acf-disabled'))
					 
					 ORDER BY QG6dosyx_posts.menu_order ASC, QG6dosyx_posts.post_title ASC
					 
[11-Jun-2025 08:59:25 UTC] SELECT   QG6dosyx_posts.*
					 FROM QG6dosyx_posts 
					 WHERE 1=1  AND QG6dosyx_posts.post_type = 'acf-post-type' AND ((QG6dosyx_posts.post_status = 'publish' OR QG6dosyx_posts.post_status = 'acf-disabled'))
					 
					 ORDER BY QG6dosyx_posts.menu_order ASC, QG6dosyx_posts.post_title ASC
					 
[11-Jun-2025 08:59:29 UTC] SELECT SQL_CALC_FOUND_ROWS  QG6dosyx_posts.*
					 FROM QG6dosyx_posts 
					 WHERE 1=1  AND ((QG6dosyx_posts.post_type = 'post' AND (QG6dosyx_posts.post_status = 'publish' OR QG6dosyx_posts.post_status = 'acf-disabled' 
OR QG6dosyx_posts.post_status = 'private')))
					 
					 ORDER BY QG6dosyx_posts.post_date DESC
					 LIMIT 0, 10
[11-Jun-2025 08:59:30 UTC] PHP Deprecated:  Automatic conversion of false to array is deprecated in C:\xampp\htdocs\junior-salon\wp-content\plugins\wpml-sticky-links\classes\class-wpml-sticky-links.php on line 19
[11-Jun-2025 08:59:31 UTC] PHP Deprecated:  Automatic conversion of false to array is deprecated in C:\xampp\htdocs\junior-salon\wp-content\plugins\wpml-sticky-links\classes\class-wpml-sticky-links.php on line 19
[11-Jun-2025 08:59:34 UTC] SELECT   QG6dosyx_posts.*
					 FROM QG6dosyx_posts 
					 WHERE 1=1  AND QG6dosyx_posts.post_type = 'acf-taxonomy' AND ((QG6dosyx_posts.post_status = 'publish' OR QG6dosyx_posts.post_status = 'acf-disabled'))
					 
					 ORDER BY QG6dosyx_posts.menu_order ASC, QG6dosyx_posts.post_title ASC
					 
[11-Jun-2025 08:59:34 UTC] SELECT   QG6dosyx_posts.*
					 FROM QG6dosyx_posts 
					 WHERE 1=1  AND QG6dosyx_posts.post_type = 'acf-post-type' AND ((QG6dosyx_posts.post_status = 'publish' OR QG6dosyx_posts.post_status = 'acf-disabled'))
					 
					 ORDER BY QG6dosyx_posts.menu_order ASC, QG6dosyx_posts.post_title ASC
					 
[11-Jun-2025 08:59:35 UTC] SELECT   QG6dosyx_posts.*
					 FROM QG6dosyx_posts 
					 WHERE 1=1  AND QG6dosyx_posts.post_type = 'acf-taxonomy' AND ((QG6dosyx_posts.post_status = 'publish' OR QG6dosyx_posts.post_status = 'acf-disabled'))
					 
					 ORDER BY QG6dosyx_posts.menu_order ASC, QG6dosyx_posts.post_title ASC
					 
[11-Jun-2025 08:59:35 UTC] SELECT   QG6dosyx_posts.*
					 FROM QG6dosyx_posts 
					 WHERE 1=1  AND QG6dosyx_posts.post_type = 'acf-post-type' AND ((QG6dosyx_posts.post_status = 'publish' OR QG6dosyx_posts.post_status = 'acf-disabled'))
					 
					 ORDER BY QG6dosyx_posts.menu_order ASC, QG6dosyx_posts.post_title ASC
					 
[11-Jun-2025 08:59:37 UTC] PHP Deprecated:  Automatic conversion of false to array is deprecated in C:\xampp\htdocs\junior-salon\wp-content\plugins\wpml-sticky-links\classes\class-wpml-sticky-links.php on line 19
[11-Jun-2025 08:59:42 UTC] PHP Deprecated:  Automatic conversion of false to array is deprecated in C:\xampp\htdocs\junior-salon\wp-content\plugins\wpml-sticky-links\classes\class-wpml-sticky-links.php on line 19
[11-Jun-2025 08:59:42 UTC] PHP Fatal error:  Uncaught RuntimeException: Unable to release actions from claim id 0. in C:\xampp\htdocs\junior-salon\wp-content\plugins\woocommerce\packages\action-scheduler\classes\data-stores\ActionScheduler_DBStore.php:1128
Stack trace:
#0 C:\xampp\htdocs\junior-salon\wp-content\plugins\woocommerce\packages\action-scheduler\classes\data-stores\ActionScheduler_HybridStore.php(440): ActionScheduler_DBStore->release_claim(Object(ActionScheduler_ActionClaim))
#1 C:\xampp\htdocs\junior-salon\wp-content\plugins\woocommerce\packages\action-scheduler\classes\ActionScheduler_QueueRunner.php(195): ActionScheduler_HybridStore->release_claim(Object(ActionScheduler_ActionClaim))
#2 C:\xampp\htdocs\junior-salon\wp-content\plugins\woocommerce\packages\action-scheduler\classes\ActionScheduler_QueueRunner.php(158): ActionScheduler_QueueRunner->do_batch(25, 'WP Cron')
#3 C:\xampp\htdocs\junior-salon\wp-includes\class-wp-hook.php(324): ActionScheduler_QueueRunner->run('WP Cron')
#4 C:\xampp\htdocs\junior-salon\wp-includes\class-wp-hook.php(348): WP_Hook->apply_filters('', Array)
#5 C:\xampp\htdocs\junior-salon\wp-includes\plugin.php(565): WP_Hook->do_action(Array)
#6 C:\xampp\htdocs\junior-salon\wp-cron.php(191): do_action_ref_array('action_schedule...', Array)
#7 {main}
  thrown in C:\xampp\htdocs\junior-salon\wp-content\plugins\woocommerce\packages\action-scheduler\classes\data-stores\ActionScheduler_DBStore.php on line 1128
[11-Jun-2025 08:59:42 UTC] PHP Deprecated:  Automatic conversion of false to array is deprecated in C:\xampp\htdocs\junior-salon\wp-content\plugins\wpml-sticky-links\classes\class-wpml-sticky-links.php on line 19
[11-Jun-2025 08:59:42 UTC] PHP Fatal error:  Uncaught RuntimeException: Unable to release actions from claim id 0. in C:\xampp\htdocs\junior-salon\wp-content\plugins\woocommerce\packages\action-scheduler\classes\data-stores\ActionScheduler_DBStore.php:1128
Stack trace:
#0 C:\xampp\htdocs\junior-salon\wp-content\plugins\woocommerce\packages\action-scheduler\classes\data-stores\ActionScheduler_HybridStore.php(440): ActionScheduler_DBStore->release_claim(Object(ActionScheduler_ActionClaim))
#1 C:\xampp\htdocs\junior-salon\wp-content\plugins\woocommerce\packages\action-scheduler\classes\ActionScheduler_FatalErrorMonitor.php(95): ActionScheduler_HybridStore->release_claim(Object(ActionScheduler_ActionClaim))
#2 C:\xampp\htdocs\junior-salon\wp-includes\class-wp-hook.php(324): ActionScheduler_FatalErrorMonitor->handle_unexpected_shutdown('')
#3 C:\xampp\htdocs\junior-salon\wp-includes\class-wp-hook.php(348): WP_Hook->apply_filters(NULL, Array)
#4 C:\xampp\htdocs\junior-salon\wp-includes\plugin.php(517): WP_Hook->do_action(Array)
#5 C:\xampp\htdocs\junior-salon\wp-includes\load.php(1304): do_action('shutdown')
#6 [internal function]: shutdown_action_hook()
#7 {main}
  thrown in C:\xampp\htdocs\junior-salon\wp-content\plugins\woocommerce\packages\action-scheduler\classes\data-stores\ActionScheduler_DBStore.php on line 1128
[11-Jun-2025 08:59:43 UTC] PHP Deprecated:  Automatic conversion of false to array is deprecated in C:\xampp\htdocs\junior-salon\wp-content\plugins\wpml-sticky-links\classes\class-wpml-sticky-links.php on line 19
[11-Jun-2025 08:59:43 UTC] PHP Deprecated:  Automatic conversion of false to array is deprecated in C:\xampp\htdocs\junior-salon\wp-content\plugins\wpml-sticky-links\classes\class-wpml-sticky-links.php on line 19
[11-Jun-2025 08:59:43 UTC] PHP Deprecated:  Automatic conversion of false to array is deprecated in C:\xampp\htdocs\junior-salon\wp-content\plugins\wpml-sticky-links\classes\class-wpml-sticky-links.php on line 19
[11-Jun-2025 08:59:44 UTC] SELECT   QG6dosyx_posts.*
					 FROM QG6dosyx_posts 
					 WHERE 1=1  AND QG6dosyx_posts.post_type = 'acf-taxonomy' AND ((QG6dosyx_posts.post_status = 'publish' OR QG6dosyx_posts.post_status = 'acf-disabled'))
					 
					 ORDER BY QG6dosyx_posts.menu_order ASC, QG6dosyx_posts.post_title ASC
					 
[11-Jun-2025 08:59:44 UTC] SELECT   QG6dosyx_posts.*
					 FROM QG6dosyx_posts 
					 WHERE 1=1  AND QG6dosyx_posts.post_type = 'acf-post-type' AND ((QG6dosyx_posts.post_status = 'publish' OR QG6dosyx_posts.post_status = 'acf-disabled'))
					 
					 ORDER BY QG6dosyx_posts.menu_order ASC, QG6dosyx_posts.post_title ASC
					 
[11-Jun-2025 08:59:48 UTC] SELECT   QG6dosyx_posts.*
					 FROM QG6dosyx_posts 
					 WHERE 1=1  AND QG6dosyx_posts.post_type = 'acf-taxonomy' AND ((QG6dosyx_posts.post_status = 'publish' OR QG6dosyx_posts.post_status = 'acf-disabled'))
					 
					 ORDER BY QG6dosyx_posts.menu_order ASC, QG6dosyx_posts.post_title ASC
					 
[11-Jun-2025 08:59:48 UTC] SELECT   QG6dosyx_posts.*
					 FROM QG6dosyx_posts 
					 WHERE 1=1  AND QG6dosyx_posts.post_type = 'acf-post-type' AND ((QG6dosyx_posts.post_status = 'publish' OR QG6dosyx_posts.post_status = 'acf-disabled'))
					 
					 ORDER BY QG6dosyx_posts.menu_order ASC, QG6dosyx_posts.post_title ASC
					 
[11-Jun-2025 08:59:48 UTC] SELECT   QG6dosyx_posts.*
					 FROM QG6dosyx_posts 
					 WHERE 1=1  AND QG6dosyx_posts.post_type = 'acf-taxonomy' AND ((QG6dosyx_posts.post_status = 'publish' OR QG6dosyx_posts.post_status = 'acf-disabled'))
					 
					 ORDER BY QG6dosyx_posts.menu_order ASC, QG6dosyx_posts.post_title ASC
					 
[11-Jun-2025 08:59:48 UTC] SELECT   QG6dosyx_posts.*
					 FROM QG6dosyx_posts 
					 WHERE 1=1  AND QG6dosyx_posts.post_type = 'acf-post-type' AND ((QG6dosyx_posts.post_status = 'publish' OR QG6dosyx_posts.post_status = 'acf-disabled'))
					 
					 ORDER BY QG6dosyx_posts.menu_order ASC, QG6dosyx_posts.post_title ASC
					 
[11-Jun-2025 08:59:48 UTC] SELECT   QG6dosyx_posts.*
					 FROM QG6dosyx_posts 
					 WHERE 1=1  AND QG6dosyx_posts.post_type = 'acf-taxonomy' AND ((QG6dosyx_posts.post_status = 'publish' OR QG6dosyx_posts.post_status = 'acf-disabled'))
					 
					 ORDER BY QG6dosyx_posts.menu_order ASC, QG6dosyx_posts.post_title ASC
					 
[11-Jun-2025 08:59:48 UTC] SELECT   QG6dosyx_posts.*
					 FROM QG6dosyx_posts 
					 WHERE 1=1  AND QG6dosyx_posts.post_type = 'acf-post-type' AND ((QG6dosyx_posts.post_status = 'publish' OR QG6dosyx_posts.post_status = 'acf-disabled'))
					 
					 ORDER BY QG6dosyx_posts.menu_order ASC, QG6dosyx_posts.post_title ASC
					 
[11-Jun-2025 08:59:49 UTC] SELECT   QG6dosyx_posts.*
					 FROM QG6dosyx_posts 
					 WHERE 1=1  AND QG6dosyx_posts.post_type = 'acf-taxonomy' AND ((QG6dosyx_posts.post_status = 'publish' OR QG6dosyx_posts.post_status = 'acf-disabled'))
					 
					 ORDER BY QG6dosyx_posts.menu_order ASC, QG6dosyx_posts.post_title ASC
					 
[11-Jun-2025 08:59:49 UTC] SELECT   QG6dosyx_posts.*
					 FROM QG6dosyx_posts 
					 WHERE 1=1  AND QG6dosyx_posts.post_type = 'acf-post-type' AND ((QG6dosyx_posts.post_status = 'publish' OR QG6dosyx_posts.post_status = 'acf-disabled'))
					 
					 ORDER BY QG6dosyx_posts.menu_order ASC, QG6dosyx_posts.post_title ASC
					 
[11-Jun-2025 08:59:50 UTC] SELECT   QG6dosyx_posts.*
					 FROM QG6dosyx_posts 
					 WHERE 1=1  AND QG6dosyx_posts.post_type = 'acf-taxonomy' AND ((QG6dosyx_posts.post_status = 'publish' OR QG6dosyx_posts.post_status = 'acf-disabled'))
					 
					 ORDER BY QG6dosyx_posts.menu_order ASC, QG6dosyx_posts.post_title ASC
					 
[11-Jun-2025 08:59:50 UTC] SELECT   QG6dosyx_posts.*
					 FROM QG6dosyx_posts 
					 WHERE 1=1  AND QG6dosyx_posts.post_type = 'acf-post-type' AND ((QG6dosyx_posts.post_status = 'publish' OR QG6dosyx_posts.post_status = 'acf-disabled'))
					 
					 ORDER BY QG6dosyx_posts.menu_order ASC, QG6dosyx_posts.post_title ASC
					 
[11-Jun-2025 08:59:53 UTC] SELECT   QG6dosyx_posts.*
					 FROM QG6dosyx_posts  JOIN QG6dosyx_icl_translations wpml_translations
							ON QG6dosyx_posts.ID = wpml_translations.element_id
								AND wpml_translations.element_type = CONCAT('post_', QG6dosyx_posts.post_type) 
					 WHERE 1=1  AND QG6dosyx_posts.post_name IN ('front-page','home','index') AND ( 
  0 = 1
) AND QG6dosyx_posts.post_type = 'wp_template' AND ((QG6dosyx_posts.post_status = 'publish')) AND ( ( ( wpml_translations.language_code = 'en' OR 0 ) AND QG6dosyx_posts.post_type  IN ('post','page','attachment','wp_block','wp_template','wp_template_part','wp_navigation','home-features-banner','testimonial','product','product_variation','shop_order_placehold','sp_accordion_faqs','sp_wp_tabs','wpforms-template' )  ) OR QG6dosyx_posts.post_type  NOT  IN ('post','page','attachment','wp_block','wp_template','wp_template_part','wp_navigation','home-features-banner','testimonial','product','product_variation','shop_order_placehold','sp_accordion_faqs','sp_wp_tabs','wpforms-template' )  )
					 GROUP BY QG6dosyx_posts.ID
					 ORDER BY QG6dosyx_posts.post_date DESC
					 LIMIT 0, 3
[11-Jun-2025 08:59:53 UTC] SELECT   QG6dosyx_posts.*
					 FROM QG6dosyx_posts  JOIN QG6dosyx_icl_translations wpml_translations
							ON QG6dosyx_posts.ID = wpml_translations.element_id
								AND wpml_translations.element_type = CONCAT('post_', QG6dosyx_posts.post_type) 
					 WHERE 1=1  AND QG6dosyx_posts.post_name IN ('home','index') AND ( 
  0 = 1
) AND QG6dosyx_posts.post_type = 'wp_template' AND ((QG6dosyx_posts.post_status = 'publish')) AND ( ( ( wpml_translations.language_code = 'en' OR 0 ) AND QG6dosyx_posts.post_type  IN ('post','page','attachment','wp_block','wp_template','wp_template_part','wp_navigation','home-features-banner','testimonial','product','product_variation','shop_order_placehold','sp_accordion_faqs','sp_wp_tabs','wpforms-template' )  ) OR QG6dosyx_posts.post_type  NOT  IN ('post','page','attachment','wp_block','wp_template','wp_template_part','wp_navigation','home-features-banner','testimonial','product','product_variation','shop_order_placehold','sp_accordion_faqs','sp_wp_tabs','wpforms-template' )  )
					 GROUP BY QG6dosyx_posts.ID
					 ORDER BY QG6dosyx_posts.post_date DESC
					 LIMIT 0, 2
[11-Jun-2025 08:59:53 UTC] SELECT   QG6dosyx_posts.*
					 FROM QG6dosyx_posts  JOIN QG6dosyx_icl_translations wpml_translations
							ON QG6dosyx_posts.ID = wpml_translations.element_id
								AND wpml_translations.element_type = CONCAT('post_', QG6dosyx_posts.post_type) 
					 WHERE 1=1  AND QG6dosyx_posts.post_name IN ('index') AND ( 
  0 = 1
) AND QG6dosyx_posts.post_type = 'wp_template' AND ((QG6dosyx_posts.post_status = 'publish')) AND ( ( ( wpml_translations.language_code = 'en' OR 0 ) AND QG6dosyx_posts.post_type  IN ('post','page','attachment','wp_block','wp_template','wp_template_part','wp_navigation','home-features-banner','testimonial','product','product_variation','shop_order_placehold','sp_accordion_faqs','sp_wp_tabs','wpforms-template' )  ) OR QG6dosyx_posts.post_type  NOT  IN ('post','page','attachment','wp_block','wp_template','wp_template_part','wp_navigation','home-features-banner','testimonial','product','product_variation','shop_order_placehold','sp_accordion_faqs','sp_wp_tabs','wpforms-template' )  )
					 GROUP BY QG6dosyx_posts.ID
					 ORDER BY QG6dosyx_posts.post_date DESC
					 LIMIT 0, 1
[11-Jun-2025 08:59:54 UTC] SELECT   QG6dosyx_posts.*
					 FROM QG6dosyx_posts 
					 WHERE 1=1  AND QG6dosyx_posts.post_type = 'acf-field-group' AND ((QG6dosyx_posts.post_status = 'publish' OR QG6dosyx_posts.post_status = 'acf-disabled'))
					 
					 ORDER BY QG6dosyx_posts.menu_order ASC, QG6dosyx_posts.post_title ASC
					 
[11-Jun-2025 08:59:55 UTC] SELECT SQL_CALC_FOUND_ROWS  QG6dosyx_posts.*
					 FROM QG6dosyx_posts  JOIN QG6dosyx_icl_translations wpml_translations
							ON QG6dosyx_posts.ID = wpml_translations.element_id
								AND wpml_translations.element_type = CONCAT('post_', QG6dosyx_posts.post_type) 
					 WHERE 1=1  AND QG6dosyx_posts.post_type = 'wp_block' AND ((QG6dosyx_posts.post_status = 'publish')) AND ( ( ( wpml_translations.language_code = 'en' OR 0 ) AND QG6dosyx_posts.post_type  IN ('post','page','attachment','wp_block','wp_template','wp_template_part','wp_navigation','home-features-banner','testimonial','product','product_variation','shop_order_placehold','sp_accordion_faqs','sp_wp_tabs','wpforms-template' )  ) OR QG6dosyx_posts.post_type  NOT  IN ('post','page','attachment','wp_block','wp_template','wp_template_part','wp_navigation','home-features-banner','testimonial','product','product_variation','shop_order_placehold','sp_accordion_faqs','sp_wp_tabs','wpforms-template' )  )
					 
					 ORDER BY QG6dosyx_posts.post_date DESC
					 LIMIT 0, 100
[11-Jun-2025 08:59:55 UTC] PHP Deprecated:  Automatic conversion of false to array is deprecated in C:\xampp\htdocs\junior-salon\wp-content\plugins\wpml-sticky-links\classes\class-wpml-sticky-links.php on line 19
[11-Jun-2025 08:59:58 UTC] PHP Deprecated:  Automatic conversion of false to array is deprecated in C:\xampp\htdocs\junior-salon\wp-content\plugins\wpml-sticky-links\classes\class-wpml-sticky-links.php on line 19
[11-Jun-2025 08:59:58 UTC] PHP Deprecated:  Automatic conversion of false to array is deprecated in C:\xampp\htdocs\junior-salon\wp-content\plugins\wpml-sticky-links\classes\class-wpml-sticky-links.php on line 19
[11-Jun-2025 08:59:58 UTC] PHP Deprecated:  Automatic conversion of false to array is deprecated in C:\xampp\htdocs\junior-salon\wp-content\plugins\wpml-sticky-links\classes\class-wpml-sticky-links.php on line 19
[11-Jun-2025 09:00:00 UTC] PHP Deprecated:  Automatic conversion of false to array is deprecated in C:\xampp\htdocs\junior-salon\wp-content\plugins\wpml-sticky-links\classes\class-wpml-sticky-links.php on line 19
[11-Jun-2025 09:00:01 UTC] SELECT   QG6dosyx_posts.*
					 FROM QG6dosyx_posts 
					 WHERE 1=1  AND QG6dosyx_posts.post_type = 'acf-taxonomy' AND ((QG6dosyx_posts.post_status = 'publish' OR QG6dosyx_posts.post_status = 'acf-disabled'))
					 
					 ORDER BY QG6dosyx_posts.menu_order ASC, QG6dosyx_posts.post_title ASC
					 
[11-Jun-2025 09:00:01 UTC] SELECT   QG6dosyx_posts.*
					 FROM QG6dosyx_posts 
					 WHERE 1=1  AND QG6dosyx_posts.post_type = 'acf-post-type' AND ((QG6dosyx_posts.post_status = 'publish' OR QG6dosyx_posts.post_status = 'acf-disabled'))
					 
					 ORDER BY QG6dosyx_posts.menu_order ASC, QG6dosyx_posts.post_title ASC
					 
[11-Jun-2025 09:00:03 UTC] SELECT   QG6dosyx_posts.*
					 FROM QG6dosyx_posts 
					 WHERE 1=1  AND QG6dosyx_posts.post_type = 'acf-taxonomy' AND ((QG6dosyx_posts.post_status = 'publish' OR QG6dosyx_posts.post_status = 'acf-disabled'))
					 
					 ORDER BY QG6dosyx_posts.menu_order ASC, QG6dosyx_posts.post_title ASC
					 
[11-Jun-2025 09:00:03 UTC] SELECT   QG6dosyx_posts.*
					 FROM QG6dosyx_posts 
					 WHERE 1=1  AND QG6dosyx_posts.post_type = 'acf-post-type' AND ((QG6dosyx_posts.post_status = 'publish' OR QG6dosyx_posts.post_status = 'acf-disabled'))
					 
					 ORDER BY QG6dosyx_posts.menu_order ASC, QG6dosyx_posts.post_title ASC
					 
[11-Jun-2025 09:00:03 UTC] SELECT   QG6dosyx_posts.*
					 FROM QG6dosyx_posts 
					 WHERE 1=1  AND QG6dosyx_posts.post_type = 'acf-taxonomy' AND ((QG6dosyx_posts.post_status = 'publish' OR QG6dosyx_posts.post_status = 'acf-disabled'))
					 
					 ORDER BY QG6dosyx_posts.menu_order ASC, QG6dosyx_posts.post_title ASC
					 
[11-Jun-2025 09:00:03 UTC] SELECT   QG6dosyx_posts.*
					 FROM QG6dosyx_posts 
					 WHERE 1=1  AND QG6dosyx_posts.post_type = 'acf-post-type' AND ((QG6dosyx_posts.post_status = 'publish' OR QG6dosyx_posts.post_status = 'acf-disabled'))
					 
					 ORDER BY QG6dosyx_posts.menu_order ASC, QG6dosyx_posts.post_title ASC
					 
[11-Jun-2025 09:00:04 UTC] SELECT   QG6dosyx_posts.*
					 FROM QG6dosyx_posts 
					 WHERE 1=1  AND QG6dosyx_posts.post_type = 'acf-taxonomy' AND ((QG6dosyx_posts.post_status = 'publish' OR QG6dosyx_posts.post_status = 'acf-disabled'))
					 
					 ORDER BY QG6dosyx_posts.menu_order ASC, QG6dosyx_posts.post_title ASC
					 
[11-Jun-2025 09:00:04 UTC] SELECT   QG6dosyx_posts.*
					 FROM QG6dosyx_posts 
					 WHERE 1=1  AND QG6dosyx_posts.post_type = 'acf-post-type' AND ((QG6dosyx_posts.post_status = 'publish' OR QG6dosyx_posts.post_status = 'acf-disabled'))
					 
					 ORDER BY QG6dosyx_posts.menu_order ASC, QG6dosyx_posts.post_title ASC
					 
[11-Jun-2025 09:00:04 UTC] SELECT   QG6dosyx_posts.*
					 FROM QG6dosyx_posts 
					 WHERE 1=1  AND QG6dosyx_posts.post_type = 'acf-field-group' AND ((QG6dosyx_posts.post_status = 'publish' OR QG6dosyx_posts.post_status = 'acf-disabled'))
					 
					 ORDER BY QG6dosyx_posts.menu_order ASC, QG6dosyx_posts.post_title ASC
					 
[11-Jun-2025 09:00:06 UTC] SELECT   QG6dosyx_posts.*
					 FROM QG6dosyx_posts 
					 WHERE 1=1  AND QG6dosyx_posts.post_type = 'acf-taxonomy' AND ((QG6dosyx_posts.post_status = 'publish' OR QG6dosyx_posts.post_status = 'acf-disabled'))
					 
					 ORDER BY QG6dosyx_posts.menu_order ASC, QG6dosyx_posts.post_title ASC
					 
[11-Jun-2025 09:00:06 UTC] SELECT   QG6dosyx_posts.*
					 FROM QG6dosyx_posts 
					 WHERE 1=1  AND QG6dosyx_posts.post_type = 'acf-post-type' AND ((QG6dosyx_posts.post_status = 'publish' OR QG6dosyx_posts.post_status = 'acf-disabled'))
					 
					 ORDER BY QG6dosyx_posts.menu_order ASC, QG6dosyx_posts.post_title ASC
					 
[11-Jun-2025 09:00:06 UTC] SELECT   QG6dosyx_posts.*
					 FROM QG6dosyx_posts  JOIN QG6dosyx_icl_translations wpml_translations
							ON QG6dosyx_posts.ID = wpml_translations.element_id
								AND wpml_translations.element_type = CONCAT('post_', QG6dosyx_posts.post_type) 
					 WHERE 1=1  AND ( 
  0 = 1
) AND QG6dosyx_posts.post_type = 'wp_template' AND ((QG6dosyx_posts.post_status = 'publish')) AND ( ( ( wpml_translations.language_code = 'en' OR 0 ) AND QG6dosyx_posts.post_type  IN ('post','page','attachment','wp_block','wp_template','wp_template_part','wp_navigation','home-features-banner','testimonial','product','product_variation','shop_order_placehold','sp_accordion_faqs','sp_wp_tabs','wpforms-template' )  ) OR QG6dosyx_posts.post_type  NOT  IN ('post','page','attachment','wp_block','wp_template','wp_template_part','wp_navigation','home-features-banner','testimonial','product','product_variation','shop_order_placehold','sp_accordion_faqs','sp_wp_tabs','wpforms-template' )  )
					 GROUP BY QG6dosyx_posts.ID
					 ORDER BY QG6dosyx_posts.post_date DESC
					 
[11-Jun-2025 09:00:07 UTC] PHP Deprecated:  Automatic conversion of false to array is deprecated in C:\xampp\htdocs\junior-salon\wp-content\plugins\wpml-sticky-links\classes\class-wpml-sticky-links.php on line 19
[11-Jun-2025 09:00:07 UTC] SELECT   QG6dosyx_posts.*
					 FROM QG6dosyx_posts 
					 WHERE 1=1  AND QG6dosyx_posts.post_type = 'acf-field-group' AND ((QG6dosyx_posts.post_status = 'publish' OR QG6dosyx_posts.post_status = 'acf-disabled'))
					 
					 ORDER BY QG6dosyx_posts.menu_order ASC, QG6dosyx_posts.post_title ASC
					 
[11-Jun-2025 09:00:07 UTC] SELECT   QG6dosyx_posts.*
					 FROM QG6dosyx_posts 
					 WHERE 1=1  AND QG6dosyx_posts.post_type = 'acf-field-group' AND ((QG6dosyx_posts.post_status = 'publish' OR QG6dosyx_posts.post_status = 'acf-disabled'))
					 
					 ORDER BY QG6dosyx_posts.menu_order ASC, QG6dosyx_posts.post_title ASC
					 
[11-Jun-2025 09:00:11 UTC] PHP Deprecated:  Automatic conversion of false to array is deprecated in C:\xampp\htdocs\junior-salon\wp-content\plugins\wpml-sticky-links\classes\class-wpml-sticky-links.php on line 19
[11-Jun-2025 09:00:11 UTC] SELECT   QG6dosyx_posts.*
					 FROM QG6dosyx_posts 
					 WHERE 1=1  AND QG6dosyx_posts.post_type = 'acf-taxonomy' AND ((QG6dosyx_posts.post_status = 'publish' OR QG6dosyx_posts.post_status = 'acf-disabled'))
					 
					 ORDER BY QG6dosyx_posts.menu_order ASC, QG6dosyx_posts.post_title ASC
					 
[11-Jun-2025 09:00:11 UTC] SELECT   QG6dosyx_posts.*
					 FROM QG6dosyx_posts 
					 WHERE 1=1  AND QG6dosyx_posts.post_type = 'acf-post-type' AND ((QG6dosyx_posts.post_status = 'publish' OR QG6dosyx_posts.post_status = 'acf-disabled'))
					 
					 ORDER BY QG6dosyx_posts.menu_order ASC, QG6dosyx_posts.post_title ASC
					 
[11-Jun-2025 09:00:13 UTC] PHP Deprecated:  Automatic conversion of false to array is deprecated in C:\xampp\htdocs\junior-salon\wp-content\plugins\wpml-sticky-links\classes\class-wpml-sticky-links.php on line 19
[11-Jun-2025 09:00:14 UTC] PHP Deprecated:  Automatic conversion of false to array is deprecated in C:\xampp\htdocs\junior-salon\wp-content\plugins\wpml-sticky-links\classes\class-wpml-sticky-links.php on line 19
[11-Jun-2025 09:00:15 UTC] PHP Deprecated:  Automatic conversion of false to array is deprecated in C:\xampp\htdocs\junior-salon\wp-content\plugins\wpml-sticky-links\classes\class-wpml-sticky-links.php on line 19
[11-Jun-2025 09:00:16 UTC] SELECT   QG6dosyx_posts.*
					 FROM QG6dosyx_posts 
					 WHERE 1=1  AND QG6dosyx_posts.post_type = 'acf-taxonomy' AND ((QG6dosyx_posts.post_status = 'publish' OR QG6dosyx_posts.post_status = 'acf-disabled'))
					 
					 ORDER BY QG6dosyx_posts.menu_order ASC, QG6dosyx_posts.post_title ASC
					 
[11-Jun-2025 09:00:16 UTC] SELECT   QG6dosyx_posts.*
					 FROM QG6dosyx_posts 
					 WHERE 1=1  AND QG6dosyx_posts.post_type = 'acf-post-type' AND ((QG6dosyx_posts.post_status = 'publish' OR QG6dosyx_posts.post_status = 'acf-disabled'))
					 
					 ORDER BY QG6dosyx_posts.menu_order ASC, QG6dosyx_posts.post_title ASC
					 
[11-Jun-2025 09:00:17 UTC] SELECT   QG6dosyx_posts.*
					 FROM QG6dosyx_posts 
					 WHERE 1=1  AND QG6dosyx_posts.post_type = 'acf-taxonomy' AND ((QG6dosyx_posts.post_status = 'publish' OR QG6dosyx_posts.post_status = 'acf-disabled'))
					 
					 ORDER BY QG6dosyx_posts.menu_order ASC, QG6dosyx_posts.post_title ASC
					 
[11-Jun-2025 09:00:17 UTC] SELECT   QG6dosyx_posts.*
					 FROM QG6dosyx_posts 
					 WHERE 1=1  AND QG6dosyx_posts.post_type = 'acf-post-type' AND ((QG6dosyx_posts.post_status = 'publish' OR QG6dosyx_posts.post_status = 'acf-disabled'))
					 
					 ORDER BY QG6dosyx_posts.menu_order ASC, QG6dosyx_posts.post_title ASC
					 
[11-Jun-2025 09:00:19 UTC] SELECT   QG6dosyx_posts.*
					 FROM QG6dosyx_posts 
					 WHERE 1=1  AND QG6dosyx_posts.post_type = 'acf-taxonomy' AND ((QG6dosyx_posts.post_status = 'publish' OR QG6dosyx_posts.post_status = 'acf-disabled'))
					 
					 ORDER BY QG6dosyx_posts.menu_order ASC, QG6dosyx_posts.post_title ASC
					 
[11-Jun-2025 09:00:19 UTC] SELECT   QG6dosyx_posts.*
					 FROM QG6dosyx_posts 
					 WHERE 1=1  AND QG6dosyx_posts.post_type = 'acf-post-type' AND ((QG6dosyx_posts.post_status = 'publish' OR QG6dosyx_posts.post_status = 'acf-disabled'))
					 
					 ORDER BY QG6dosyx_posts.menu_order ASC, QG6dosyx_posts.post_title ASC
					 
[11-Jun-2025 09:00:20 UTC] SELECT   QG6dosyx_posts.*
					 FROM QG6dosyx_posts 
					 WHERE 1=1  AND QG6dosyx_posts.post_type = 'acf-taxonomy' AND ((QG6dosyx_posts.post_status = 'publish' OR QG6dosyx_posts.post_status = 'acf-disabled'))
					 
					 ORDER BY QG6dosyx_posts.menu_order ASC, QG6dosyx_posts.post_title ASC
					 
[11-Jun-2025 09:00:20 UTC] SELECT   QG6dosyx_posts.*
					 FROM QG6dosyx_posts 
					 WHERE 1=1  AND QG6dosyx_posts.post_type = 'acf-post-type' AND ((QG6dosyx_posts.post_status = 'publish' OR QG6dosyx_posts.post_status = 'acf-disabled'))
					 
					 ORDER BY QG6dosyx_posts.menu_order ASC, QG6dosyx_posts.post_title ASC
					 
[11-Jun-2025 09:00:20 UTC] SELECT   QG6dosyx_posts.*
					 FROM QG6dosyx_posts 
					 WHERE 1=1  AND QG6dosyx_posts.post_type = 'acf-field-group' AND ((QG6dosyx_posts.post_status = 'publish' OR QG6dosyx_posts.post_status = 'acf-disabled'))
					 
					 ORDER BY QG6dosyx_posts.menu_order ASC, QG6dosyx_posts.post_title ASC
					 
[11-Jun-2025 09:00:20 UTC] PHP Deprecated:  Automatic conversion of false to array is deprecated in C:\xampp\htdocs\junior-salon\wp-content\plugins\wpml-sticky-links\classes\class-wpml-sticky-links.php on line 19
[11-Jun-2025 09:00:21 UTC] SELECT   QG6dosyx_posts.*
					 FROM QG6dosyx_posts 
					 WHERE 1=1  AND QG6dosyx_posts.post_type = 'acf-field' AND ((QG6dosyx_posts.post_status = 'publish')) AND QG6dosyx_posts.post_name = 'field_680f2067b5a86'
					 
					 ORDER BY QG6dosyx_posts.menu_order ASC, QG6dosyx_posts.post_title ASC
					 LIMIT 0, 1
[11-Jun-2025 09:00:21 UTC] SELECT SQL_CALC_FOUND_ROWS  QG6dosyx_posts.*
					 FROM QG6dosyx_posts  JOIN QG6dosyx_icl_translations wpml_translations
							ON QG6dosyx_posts.ID = wpml_translations.element_id
								AND wpml_translations.element_type = CONCAT('post_', QG6dosyx_posts.post_type) 
					 WHERE 1=1  AND QG6dosyx_posts.ID IN (143) AND QG6dosyx_posts.post_type = 'attachment' AND ((QG6dosyx_posts.post_status = 'inherit' OR QG6dosyx_posts.post_status = 'private')) AND ( ( ( wpml_translations.language_code = 'en' OR 0 ) AND QG6dosyx_posts.post_type  IN ('post','page','attachment','wp_block','wp_template','wp_template_part','wp_navigation','home-features-banner','testimonial','product','product_variation','shop_order_placehold','sp_accordion_faqs','sp_wp_tabs','wpforms-template' )  ) OR QG6dosyx_posts.post_type  NOT  IN ('post','page','attachment','wp_block','wp_template','wp_template_part','wp_navigation','home-features-banner','testimonial','product','product_variation','shop_order_placehold','sp_accordion_faqs','sp_wp_tabs','wpforms-template' )  )
					 
					 ORDER BY QG6dosyx_posts.post_date DESC
					 LIMIT 0, 80
[11-Jun-2025 09:00:21 UTC] SELECT   QG6dosyx_posts.*
					 FROM QG6dosyx_posts 
					 WHERE 1=1  AND QG6dosyx_posts.post_type = 'acf-field-group' AND ((QG6dosyx_posts.post_status = 'publish' OR QG6dosyx_posts.post_status = 'acf-disabled'))
					 
					 ORDER BY QG6dosyx_posts.menu_order ASC, QG6dosyx_posts.post_title ASC
					 
[11-Jun-2025 09:00:24 UTC] SELECT   QG6dosyx_posts.*
					 FROM QG6dosyx_posts 
					 WHERE 1=1  AND QG6dosyx_posts.post_type = 'acf-taxonomy' AND ((QG6dosyx_posts.post_status = 'publish' OR QG6dosyx_posts.post_status = 'acf-disabled'))
					 
					 ORDER BY QG6dosyx_posts.menu_order ASC, QG6dosyx_posts.post_title ASC
					 
[11-Jun-2025 09:00:24 UTC] SELECT   QG6dosyx_posts.*
					 FROM QG6dosyx_posts 
					 WHERE 1=1  AND QG6dosyx_posts.post_type = 'acf-post-type' AND ((QG6dosyx_posts.post_status = 'publish' OR QG6dosyx_posts.post_status = 'acf-disabled'))
					 
					 ORDER BY QG6dosyx_posts.menu_order ASC, QG6dosyx_posts.post_title ASC
					 
[11-Jun-2025 09:00:25 UTC] PHP Deprecated:  Automatic conversion of false to array is deprecated in C:\xampp\htdocs\junior-salon\wp-content\plugins\wpml-sticky-links\classes\class-wpml-sticky-links.php on line 19
[11-Jun-2025 09:00:25 UTC] PHP Deprecated:  Automatic conversion of false to array is deprecated in C:\xampp\htdocs\junior-salon\wp-content\plugins\wpml-sticky-links\classes\class-wpml-sticky-links.php on line 19
[11-Jun-2025 09:00:30 UTC] SELECT   QG6dosyx_posts.*
					 FROM QG6dosyx_posts 
					 WHERE 1=1  AND QG6dosyx_posts.post_type = 'acf-taxonomy' AND ((QG6dosyx_posts.post_status = 'publish' OR QG6dosyx_posts.post_status = 'acf-disabled'))
					 
					 ORDER BY QG6dosyx_posts.menu_order ASC, QG6dosyx_posts.post_title ASC
					 
[11-Jun-2025 09:00:30 UTC] SELECT   QG6dosyx_posts.*
					 FROM QG6dosyx_posts 
					 WHERE 1=1  AND QG6dosyx_posts.post_type = 'acf-post-type' AND ((QG6dosyx_posts.post_status = 'publish' OR QG6dosyx_posts.post_status = 'acf-disabled'))
					 
					 ORDER BY QG6dosyx_posts.menu_order ASC, QG6dosyx_posts.post_title ASC
					 
[11-Jun-2025 09:00:31 UTC] SELECT   QG6dosyx_posts.*
					 FROM QG6dosyx_posts 
					 WHERE 1=1  AND QG6dosyx_posts.post_type = 'acf-taxonomy' AND ((QG6dosyx_posts.post_status = 'publish' OR QG6dosyx_posts.post_status = 'acf-disabled'))
					 
					 ORDER BY QG6dosyx_posts.menu_order ASC, QG6dosyx_posts.post_title ASC
					 
[11-Jun-2025 09:00:31 UTC] SELECT   QG6dosyx_posts.*
					 FROM QG6dosyx_posts 
					 WHERE 1=1  AND QG6dosyx_posts.post_type = 'acf-post-type' AND ((QG6dosyx_posts.post_status = 'publish' OR QG6dosyx_posts.post_status = 'acf-disabled'))
					 
					 ORDER BY QG6dosyx_posts.menu_order ASC, QG6dosyx_posts.post_title ASC
					 
[11-Jun-2025 09:00:36 UTC] PHP Deprecated:  Automatic conversion of false to array is deprecated in C:\xampp\htdocs\junior-salon\wp-content\plugins\wpml-sticky-links\classes\class-wpml-sticky-links.php on line 19
[11-Jun-2025 09:00:41 UTC] PHP Deprecated:  Automatic conversion of false to array is deprecated in C:\xampp\htdocs\junior-salon\wp-content\plugins\wpml-sticky-links\classes\class-wpml-sticky-links.php on line 19
[11-Jun-2025 09:00:41 UTC] SELECT   QG6dosyx_posts.*
					 FROM QG6dosyx_posts 
					 WHERE 1=1  AND QG6dosyx_posts.post_type = 'acf-taxonomy' AND ((QG6dosyx_posts.post_status = 'publish' OR QG6dosyx_posts.post_status = 'acf-disabled'))
					 
					 ORDER BY QG6dosyx_posts.menu_order ASC, QG6dosyx_posts.post_title ASC
					 
[11-Jun-2025 09:00:41 UTC] SELECT   QG6dosyx_posts.*
					 FROM QG6dosyx_posts 
					 WHERE 1=1  AND QG6dosyx_posts.post_type = 'acf-post-type' AND ((QG6dosyx_posts.post_status = 'publish' OR QG6dosyx_posts.post_status = 'acf-disabled'))
					 
					 ORDER BY QG6dosyx_posts.menu_order ASC, QG6dosyx_posts.post_title ASC
					 
[11-Jun-2025 09:00:41 UTC] PHP Deprecated:  Automatic conversion of false to array is deprecated in C:\xampp\htdocs\junior-salon\wp-content\plugins\wpml-sticky-links\classes\class-wpml-sticky-links.php on line 19
[11-Jun-2025 09:00:46 UTC] SELECT   QG6dosyx_posts.*
					 FROM QG6dosyx_posts 
					 WHERE 1=1  AND QG6dosyx_posts.post_type = 'acf-taxonomy' AND ((QG6dosyx_posts.post_status = 'publish' OR QG6dosyx_posts.post_status = 'acf-disabled'))
					 
					 ORDER BY QG6dosyx_posts.menu_order ASC, QG6dosyx_posts.post_title ASC
					 
[11-Jun-2025 09:00:46 UTC] SELECT   QG6dosyx_posts.*
					 FROM QG6dosyx_posts 
					 WHERE 1=1  AND QG6dosyx_posts.post_type = 'acf-post-type' AND ((QG6dosyx_posts.post_status = 'publish' OR QG6dosyx_posts.post_status = 'acf-disabled'))
					 
					 ORDER BY QG6dosyx_posts.menu_order ASC, QG6dosyx_posts.post_title ASC
					 
[11-Jun-2025 09:00:47 UTC] SELECT   QG6dosyx_posts.*
					 FROM QG6dosyx_posts 
					 WHERE 1=1  AND QG6dosyx_posts.post_type = 'acf-taxonomy' AND ((QG6dosyx_posts.post_status = 'publish' OR QG6dosyx_posts.post_status = 'acf-disabled'))
					 
					 ORDER BY QG6dosyx_posts.menu_order ASC, QG6dosyx_posts.post_title ASC
					 
[11-Jun-2025 09:00:47 UTC] SELECT   QG6dosyx_posts.*
					 FROM QG6dosyx_posts 
					 WHERE 1=1  AND QG6dosyx_posts.post_type = 'acf-post-type' AND ((QG6dosyx_posts.post_status = 'publish' OR QG6dosyx_posts.post_status = 'acf-disabled'))
					 
					 ORDER BY QG6dosyx_posts.menu_order ASC, QG6dosyx_posts.post_title ASC
					 
[11-Jun-2025 09:00:49 UTC] PHP Deprecated:  Automatic conversion of false to array is deprecated in C:\xampp\htdocs\junior-salon\wp-content\plugins\wpml-sticky-links\classes\class-wpml-sticky-links.php on line 19
[11-Jun-2025 09:00:55 UTC] PHP Deprecated:  Automatic conversion of false to array is deprecated in C:\xampp\htdocs\junior-salon\wp-content\plugins\wpml-sticky-links\classes\class-wpml-sticky-links.php on line 19
[11-Jun-2025 09:00:55 UTC] PHP Deprecated:  Automatic conversion of false to array is deprecated in C:\xampp\htdocs\junior-salon\wp-content\plugins\wpml-sticky-links\classes\class-wpml-sticky-links.php on line 19
[11-Jun-2025 09:00:55 UTC] PHP Deprecated:  Automatic conversion of false to array is deprecated in C:\xampp\htdocs\junior-salon\wp-content\plugins\wpml-sticky-links\classes\class-wpml-sticky-links.php on line 19
[11-Jun-2025 09:00:56 UTC] SELECT   QG6dosyx_posts.*
					 FROM QG6dosyx_posts 
					 WHERE 1=1  AND QG6dosyx_posts.post_type = 'acf-taxonomy' AND ((QG6dosyx_posts.post_status = 'publish' OR QG6dosyx_posts.post_status = 'acf-disabled'))
					 
					 ORDER BY QG6dosyx_posts.menu_order ASC, QG6dosyx_posts.post_title ASC
					 
[11-Jun-2025 09:00:56 UTC] SELECT   QG6dosyx_posts.*
					 FROM QG6dosyx_posts 
					 WHERE 1=1  AND QG6dosyx_posts.post_type = 'acf-post-type' AND ((QG6dosyx_posts.post_status = 'publish' OR QG6dosyx_posts.post_status = 'acf-disabled'))
					 
					 ORDER BY QG6dosyx_posts.menu_order ASC, QG6dosyx_posts.post_title ASC
					 
[11-Jun-2025 09:00:58 UTC] PHP Deprecated:  Automatic conversion of false to array is deprecated in C:\xampp\htdocs\junior-salon\wp-content\plugins\wpml-sticky-links\classes\class-wpml-sticky-links.php on line 19
[11-Jun-2025 09:00:59 UTC] PHP Deprecated:  Automatic conversion of false to array is deprecated in C:\xampp\htdocs\junior-salon\wp-content\plugins\wpml-sticky-links\classes\class-wpml-sticky-links.php on line 19
[11-Jun-2025 09:01:01 UTC] PHP Fatal error:  Uncaught RuntimeException: Unable to release actions from claim id 0. in C:\xampp\htdocs\junior-salon\wp-content\plugins\woocommerce\packages\action-scheduler\classes\data-stores\ActionScheduler_DBStore.php:1128
Stack trace:
#0 C:\xampp\htdocs\junior-salon\wp-content\plugins\woocommerce\packages\action-scheduler\classes\data-stores\ActionScheduler_HybridStore.php(440): ActionScheduler_DBStore->release_claim(Object(ActionScheduler_ActionClaim))
#1 C:\xampp\htdocs\junior-salon\wp-content\plugins\woocommerce\packages\action-scheduler\classes\ActionScheduler_QueueRunner.php(195): ActionScheduler_HybridStore->release_claim(Object(ActionScheduler_ActionClaim))
#2 C:\xampp\htdocs\junior-salon\wp-content\plugins\woocommerce\packages\action-scheduler\classes\ActionScheduler_QueueRunner.php(158): ActionScheduler_QueueRunner->do_batch(25, 'WP Cron')
#3 C:\xampp\htdocs\junior-salon\wp-includes\class-wp-hook.php(324): ActionScheduler_QueueRunner->run('WP Cron')
#4 C:\xampp\htdocs\junior-salon\wp-includes\class-wp-hook.php(348): WP_Hook->apply_filters('', Array)
#5 C:\xampp\htdocs\junior-salon\wp-includes\plugin.php(565): WP_Hook->do_action(Array)
#6 C:\xampp\htdocs\junior-salon\wp-cron.php(191): do_action_ref_array('action_schedule...', Array)
#7 {main}
  thrown in C:\xampp\htdocs\junior-salon\wp-content\plugins\woocommerce\packages\action-scheduler\classes\data-stores\ActionScheduler_DBStore.php on line 1128
[11-Jun-2025 09:01:01 UTC] PHP Fatal error:  Uncaught RuntimeException: Unable to release actions from claim id 0. in C:\xampp\htdocs\junior-salon\wp-content\plugins\woocommerce\packages\action-scheduler\classes\data-stores\ActionScheduler_DBStore.php:1128
Stack trace:
#0 C:\xampp\htdocs\junior-salon\wp-content\plugins\woocommerce\packages\action-scheduler\classes\data-stores\ActionScheduler_HybridStore.php(440): ActionScheduler_DBStore->release_claim(Object(ActionScheduler_ActionClaim))
#1 C:\xampp\htdocs\junior-salon\wp-content\plugins\woocommerce\packages\action-scheduler\classes\ActionScheduler_FatalErrorMonitor.php(95): ActionScheduler_HybridStore->release_claim(Object(ActionScheduler_ActionClaim))
#2 C:\xampp\htdocs\junior-salon\wp-includes\class-wp-hook.php(324): ActionScheduler_FatalErrorMonitor->handle_unexpected_shutdown('')
#3 C:\xampp\htdocs\junior-salon\wp-includes\class-wp-hook.php(348): WP_Hook->apply_filters(NULL, Array)
#4 C:\xampp\htdocs\junior-salon\wp-includes\plugin.php(517): WP_Hook->do_action(Array)
#5 C:\xampp\htdocs\junior-salon\wp-includes\load.php(1304): do_action('shutdown')
#6 [internal function]: shutdown_action_hook()
#7 {main}
  thrown in C:\xampp\htdocs\junior-salon\wp-content\plugins\woocommerce\packages\action-scheduler\classes\data-stores\ActionScheduler_DBStore.php on line 1128
[11-Jun-2025 09:01:03 UTC] SELECT   QG6dosyx_posts.*
					 FROM QG6dosyx_posts 
					 WHERE 1=1  AND QG6dosyx_posts.post_type = 'acf-taxonomy' AND ((QG6dosyx_posts.post_status = 'publish' OR QG6dosyx_posts.post_status = 'acf-disabled'))
					 
					 ORDER BY QG6dosyx_posts.menu_order ASC, QG6dosyx_posts.post_title ASC
					 
[11-Jun-2025 09:01:03 UTC] SELECT   QG6dosyx_posts.*
					 FROM QG6dosyx_posts 
					 WHERE 1=1  AND QG6dosyx_posts.post_type = 'acf-post-type' AND ((QG6dosyx_posts.post_status = 'publish' OR QG6dosyx_posts.post_status = 'acf-disabled'))
					 
					 ORDER BY QG6dosyx_posts.menu_order ASC, QG6dosyx_posts.post_title ASC
					 
[11-Jun-2025 09:01:03 UTC] SELECT   QG6dosyx_posts.*
					 FROM QG6dosyx_posts 
					 WHERE 1=1  AND QG6dosyx_posts.post_type = 'acf-taxonomy' AND ((QG6dosyx_posts.post_status = 'publish' OR QG6dosyx_posts.post_status = 'acf-disabled'))
					 
					 ORDER BY QG6dosyx_posts.menu_order ASC, QG6dosyx_posts.post_title ASC
					 
[11-Jun-2025 09:01:03 UTC] SELECT   QG6dosyx_posts.*
					 FROM QG6dosyx_posts 
					 WHERE 1=1  AND QG6dosyx_posts.post_type = 'acf-post-type' AND ((QG6dosyx_posts.post_status = 'publish' OR QG6dosyx_posts.post_status = 'acf-disabled'))
					 
					 ORDER BY QG6dosyx_posts.menu_order ASC, QG6dosyx_posts.post_title ASC
					 
[11-Jun-2025 09:01:05 UTC] SELECT   QG6dosyx_posts.*
					 FROM QG6dosyx_posts 
					 WHERE 1=1  AND QG6dosyx_posts.post_type = 'acf-taxonomy' AND ((QG6dosyx_posts.post_status = 'publish' OR QG6dosyx_posts.post_status = 'acf-disabled'))
					 
					 ORDER BY QG6dosyx_posts.menu_order ASC, QG6dosyx_posts.post_title ASC
					 
[11-Jun-2025 09:01:05 UTC] SELECT   QG6dosyx_posts.*
					 FROM QG6dosyx_posts 
					 WHERE 1=1  AND QG6dosyx_posts.post_type = 'acf-post-type' AND ((QG6dosyx_posts.post_status = 'publish' OR QG6dosyx_posts.post_status = 'acf-disabled'))
					 
					 ORDER BY QG6dosyx_posts.menu_order ASC, QG6dosyx_posts.post_title ASC
					 
[11-Jun-2025 09:01:05 UTC] SELECT   QG6dosyx_posts.*
					 FROM QG6dosyx_posts 
					 WHERE 1=1  AND QG6dosyx_posts.post_type = 'acf-taxonomy' AND ((QG6dosyx_posts.post_status = 'publish' OR QG6dosyx_posts.post_status = 'acf-disabled'))
					 
					 ORDER BY QG6dosyx_posts.menu_order ASC, QG6dosyx_posts.post_title ASC
					 
[11-Jun-2025 09:01:05 UTC] SELECT   QG6dosyx_posts.*
					 FROM QG6dosyx_posts 
					 WHERE 1=1  AND QG6dosyx_posts.post_type = 'acf-post-type' AND ((QG6dosyx_posts.post_status = 'publish' OR QG6dosyx_posts.post_status = 'acf-disabled'))
					 
					 ORDER BY QG6dosyx_posts.menu_order ASC, QG6dosyx_posts.post_title ASC
					 
[11-Jun-2025 09:01:06 UTC] SELECT   QG6dosyx_posts.*
					 FROM QG6dosyx_posts 
					 WHERE 1=1  AND QG6dosyx_posts.post_type = 'acf-taxonomy' AND ((QG6dosyx_posts.post_status = 'publish' OR QG6dosyx_posts.post_status = 'acf-disabled'))
					 
					 ORDER BY QG6dosyx_posts.menu_order ASC, QG6dosyx_posts.post_title ASC
					 
[11-Jun-2025 09:01:06 UTC] SELECT   QG6dosyx_posts.*
					 FROM QG6dosyx_posts 
					 WHERE 1=1  AND QG6dosyx_posts.post_type = 'acf-post-type' AND ((QG6dosyx_posts.post_status = 'publish' OR QG6dosyx_posts.post_status = 'acf-disabled'))
					 
					 ORDER BY QG6dosyx_posts.menu_order ASC, QG6dosyx_posts.post_title ASC
					 
[11-Jun-2025 09:01:07 UTC] PHP Fatal error:  Uncaught RuntimeException: Unable to release actions from claim id 0. in C:\xampp\htdocs\junior-salon\wp-content\plugins\woocommerce\packages\action-scheduler\classes\data-stores\ActionScheduler_DBStore.php:1128
Stack trace:
#0 C:\xampp\htdocs\junior-salon\wp-content\plugins\woocommerce\packages\action-scheduler\classes\data-stores\ActionScheduler_HybridStore.php(440): ActionScheduler_DBStore->release_claim(Object(ActionScheduler_ActionClaim))
#1 C:\xampp\htdocs\junior-salon\wp-content\plugins\woocommerce\packages\action-scheduler\classes\ActionScheduler_QueueRunner.php(195): ActionScheduler_HybridStore->release_claim(Object(ActionScheduler_ActionClaim))
#2 C:\xampp\htdocs\junior-salon\wp-content\plugins\woocommerce\packages\action-scheduler\classes\ActionScheduler_QueueRunner.php(158): ActionScheduler_QueueRunner->do_batch(25, 'WP Cron')
#3 C:\xampp\htdocs\junior-salon\wp-includes\class-wp-hook.php(324): ActionScheduler_QueueRunner->run('WP Cron')
#4 C:\xampp\htdocs\junior-salon\wp-includes\class-wp-hook.php(348): WP_Hook->apply_filters('', Array)
#5 C:\xampp\htdocs\junior-salon\wp-includes\plugin.php(565): WP_Hook->do_action(Array)
#6 C:\xampp\htdocs\junior-salon\wp-cron.php(191): do_action_ref_array('action_schedule...', Array)
#7 {main}
  thrown in C:\xampp\htdocs\junior-salon\wp-content\plugins\woocommerce\packages\action-scheduler\classes\data-stores\ActionScheduler_DBStore.php on line 1128
[11-Jun-2025 09:01:07 UTC] PHP Fatal error:  Uncaught RuntimeException: Unable to release actions from claim id 0. in C:\xampp\htdocs\junior-salon\wp-content\plugins\woocommerce\packages\action-scheduler\classes\data-stores\ActionScheduler_DBStore.php:1128
Stack trace:
#0 C:\xampp\htdocs\junior-salon\wp-content\plugins\woocommerce\packages\action-scheduler\classes\data-stores\ActionScheduler_HybridStore.php(440): ActionScheduler_DBStore->release_claim(Object(ActionScheduler_ActionClaim))
#1 C:\xampp\htdocs\junior-salon\wp-content\plugins\woocommerce\packages\action-scheduler\classes\ActionScheduler_FatalErrorMonitor.php(95): ActionScheduler_HybridStore->release_claim(Object(ActionScheduler_ActionClaim))
#2 C:\xampp\htdocs\junior-salon\wp-includes\class-wp-hook.php(324): ActionScheduler_FatalErrorMonitor->handle_unexpected_shutdown('')
#3 C:\xampp\htdocs\junior-salon\wp-includes\class-wp-hook.php(348): WP_Hook->apply_filters(NULL, Array)
#4 C:\xampp\htdocs\junior-salon\wp-includes\plugin.php(517): WP_Hook->do_action(Array)
#5 C:\xampp\htdocs\junior-salon\wp-includes\load.php(1304): do_action('shutdown')
#6 [internal function]: shutdown_action_hook()
#7 {main}
  thrown in C:\xampp\htdocs\junior-salon\wp-content\plugins\woocommerce\packages\action-scheduler\classes\data-stores\ActionScheduler_DBStore.php on line 1128
[11-Jun-2025 09:01:12 UTC] PHP Deprecated:  Automatic conversion of false to array is deprecated in C:\xampp\htdocs\junior-salon\wp-content\plugins\wpml-sticky-links\classes\class-wpml-sticky-links.php on line 19
[11-Jun-2025 09:01:13 UTC] PHP Deprecated:  Automatic conversion of false to array is deprecated in C:\xampp\htdocs\junior-salon\wp-content\plugins\wpml-sticky-links\classes\class-wpml-sticky-links.php on line 19
[11-Jun-2025 09:01:16 UTC] SELECT   QG6dosyx_posts.*
					 FROM QG6dosyx_posts 
					 WHERE 1=1  AND QG6dosyx_posts.post_type = 'acf-taxonomy' AND ((QG6dosyx_posts.post_status = 'publish' OR QG6dosyx_posts.post_status = 'acf-disabled'))
					 
					 ORDER BY QG6dosyx_posts.menu_order ASC, QG6dosyx_posts.post_title ASC
					 
[11-Jun-2025 09:01:16 UTC] SELECT   QG6dosyx_posts.*
					 FROM QG6dosyx_posts 
					 WHERE 1=1  AND QG6dosyx_posts.post_type = 'acf-post-type' AND ((QG6dosyx_posts.post_status = 'publish' OR QG6dosyx_posts.post_status = 'acf-disabled'))
					 
					 ORDER BY QG6dosyx_posts.menu_order ASC, QG6dosyx_posts.post_title ASC
					 
[11-Jun-2025 09:01:17 UTC] SELECT   QG6dosyx_posts.*
					 FROM QG6dosyx_posts 
					 WHERE 1=1  AND QG6dosyx_posts.post_type = 'acf-taxonomy' AND ((QG6dosyx_posts.post_status = 'publish' OR QG6dosyx_posts.post_status = 'acf-disabled'))
					 
					 ORDER BY QG6dosyx_posts.menu_order ASC, QG6dosyx_posts.post_title ASC
					 
[11-Jun-2025 09:01:17 UTC] SELECT   QG6dosyx_posts.*
					 FROM QG6dosyx_posts 
					 WHERE 1=1  AND QG6dosyx_posts.post_type = 'acf-post-type' AND ((QG6dosyx_posts.post_status = 'publish' OR QG6dosyx_posts.post_status = 'acf-disabled'))
					 
					 ORDER BY QG6dosyx_posts.menu_order ASC, QG6dosyx_posts.post_title ASC
					 
[11-Jun-2025 09:01:25 UTC] PHP Deprecated:  Automatic conversion of false to array is deprecated in C:\xampp\htdocs\junior-salon\wp-content\plugins\wpml-sticky-links\classes\class-wpml-sticky-links.php on line 19
[11-Jun-2025 09:01:28 UTC] SELECT   QG6dosyx_posts.*
					 FROM QG6dosyx_posts 
					 WHERE 1=1  AND QG6dosyx_posts.post_type = 'acf-taxonomy' AND ((QG6dosyx_posts.post_status = 'publish' OR QG6dosyx_posts.post_status = 'acf-disabled'))
					 
					 ORDER BY QG6dosyx_posts.menu_order ASC, QG6dosyx_posts.post_title ASC
					 
[11-Jun-2025 09:01:28 UTC] SELECT   QG6dosyx_posts.*
					 FROM QG6dosyx_posts 
					 WHERE 1=1  AND QG6dosyx_posts.post_type = 'acf-post-type' AND ((QG6dosyx_posts.post_status = 'publish' OR QG6dosyx_posts.post_status = 'acf-disabled'))
					 
					 ORDER BY QG6dosyx_posts.menu_order ASC, QG6dosyx_posts.post_title ASC
					 
[11-Jun-2025 09:01:31 UTC] PHP Deprecated:  Automatic conversion of false to array is deprecated in C:\xampp\htdocs\junior-salon\wp-content\plugins\wpml-sticky-links\classes\class-wpml-sticky-links.php on line 19
[11-Jun-2025 09:01:36 UTC] SELECT   QG6dosyx_posts.*
					 FROM QG6dosyx_posts 
					 WHERE 1=1  AND QG6dosyx_posts.post_type = 'acf-taxonomy' AND ((QG6dosyx_posts.post_status = 'publish' OR QG6dosyx_posts.post_status = 'acf-disabled'))
					 
					 ORDER BY QG6dosyx_posts.menu_order ASC, QG6dosyx_posts.post_title ASC
					 
[11-Jun-2025 09:01:36 UTC] SELECT   QG6dosyx_posts.*
					 FROM QG6dosyx_posts 
					 WHERE 1=1  AND QG6dosyx_posts.post_type = 'acf-post-type' AND ((QG6dosyx_posts.post_status = 'publish' OR QG6dosyx_posts.post_status = 'acf-disabled'))
					 
					 ORDER BY QG6dosyx_posts.menu_order ASC, QG6dosyx_posts.post_title ASC
					 
[11-Jun-2025 09:01:37 UTC] PHP Deprecated:  Automatic conversion of false to array is deprecated in C:\xampp\htdocs\junior-salon\wp-content\plugins\wpml-sticky-links\classes\class-wpml-sticky-links.php on line 19
[11-Jun-2025 09:01:37 UTC] PHP Deprecated:  Automatic conversion of false to array is deprecated in C:\xampp\htdocs\junior-salon\wp-content\plugins\wpml-sticky-links\classes\class-wpml-sticky-links.php on line 19
[11-Jun-2025 09:01:37 UTC] PHP Deprecated:  Automatic conversion of false to array is deprecated in C:\xampp\htdocs\junior-salon\wp-content\plugins\wpml-sticky-links\classes\class-wpml-sticky-links.php on line 19
[11-Jun-2025 09:01:41 UTC] SELECT   QG6dosyx_posts.*
					 FROM QG6dosyx_posts 
					 WHERE 1=1  AND QG6dosyx_posts.post_name = 'toolset-woocommerce-fields' AND QG6dosyx_posts.post_type = 'wp-types-group'
					 
					 ORDER BY QG6dosyx_posts.post_date DESC
					 
[11-Jun-2025 09:01:42 UTC] SELECT   QG6dosyx_posts.*
					 FROM QG6dosyx_posts 
					 WHERE 1=1  AND QG6dosyx_posts.post_type = 'acf-taxonomy' AND ((QG6dosyx_posts.post_status = 'publish' OR QG6dosyx_posts.post_status = 'acf-disabled'))
					 
					 ORDER BY QG6dosyx_posts.menu_order ASC, QG6dosyx_posts.post_title ASC
					 
[11-Jun-2025 09:01:42 UTC] SELECT   QG6dosyx_posts.*
					 FROM QG6dosyx_posts 
					 WHERE 1=1  AND QG6dosyx_posts.post_type = 'acf-post-type' AND ((QG6dosyx_posts.post_status = 'publish' OR QG6dosyx_posts.post_status = 'acf-disabled'))
					 
					 ORDER BY QG6dosyx_posts.menu_order ASC, QG6dosyx_posts.post_title ASC
					 
[11-Jun-2025 09:01:42 UTC] SELECT   QG6dosyx_posts.*
					 FROM QG6dosyx_posts 
					 WHERE 1=1  AND QG6dosyx_posts.post_type = 'acf-taxonomy' AND ((QG6dosyx_posts.post_status = 'publish' OR QG6dosyx_posts.post_status = 'acf-disabled'))
					 
					 ORDER BY QG6dosyx_posts.menu_order ASC, QG6dosyx_posts.post_title ASC
					 
[11-Jun-2025 09:01:42 UTC] SELECT   QG6dosyx_posts.*
					 FROM QG6dosyx_posts 
					 WHERE 1=1  AND QG6dosyx_posts.post_type = 'acf-post-type' AND ((QG6dosyx_posts.post_status = 'publish' OR QG6dosyx_posts.post_status = 'acf-disabled'))
					 
					 ORDER BY QG6dosyx_posts.menu_order ASC, QG6dosyx_posts.post_title ASC
					 
[11-Jun-2025 09:01:42 UTC] SELECT   QG6dosyx_posts.*
					 FROM QG6dosyx_posts 
					 WHERE 1=1  AND QG6dosyx_posts.post_type = 'acf-taxonomy' AND ((QG6dosyx_posts.post_status = 'publish' OR QG6dosyx_posts.post_status = 'acf-disabled'))
					 
					 ORDER BY QG6dosyx_posts.menu_order ASC, QG6dosyx_posts.post_title ASC
					 
[11-Jun-2025 09:01:42 UTC] SELECT   QG6dosyx_posts.*
					 FROM QG6dosyx_posts 
					 WHERE 1=1  AND QG6dosyx_posts.post_type = 'acf-post-type' AND ((QG6dosyx_posts.post_status = 'publish' OR QG6dosyx_posts.post_status = 'acf-disabled'))
					 
					 ORDER BY QG6dosyx_posts.menu_order ASC, QG6dosyx_posts.post_title ASC
					 
[11-Jun-2025 09:01:46 UTC] SELECT   QG6dosyx_posts.ID, QG6dosyx_posts.post_parent
					 FROM QG6dosyx_posts  JOIN QG6dosyx_icl_translations wpml_translations
							ON QG6dosyx_posts.ID = wpml_translations.element_id
								AND wpml_translations.element_type = CONCAT('post_', QG6dosyx_posts.post_type) 
					 WHERE 1=1  AND ((QG6dosyx_posts.post_type = 'page' AND (QG6dosyx_posts.post_status = 'publish' OR QG6dosyx_posts.post_status = 'acf-disabled' OR QG6dosyx_posts.post_status = 'future' OR QG6dosyx_posts.post_status = 'draft' OR QG6dosyx_posts.post_status = 'pending' 
OR QG6dosyx_posts.post_status = 'private'))) AND ( ( ( wpml_translations.language_code = 'en' OR 0 ) AND QG6dosyx_posts.post_type  IN ('post','page','attachment','wp_block','wp_template','wp_template_part','wp_navigation','home-features-banner','testimonial','product','product_variation','shop_order_placehold','sp_accordion_faqs','sp_wp_tabs','wpforms-template' )  ) OR QG6dosyx_posts.post_type  NOT  IN ('post','page','attachment','wp_block','wp_template','wp_template_part','wp_navigation','home-features-banner','testimonial','product','product_variation','shop_order_placehold','sp_accordion_faqs','sp_wp_tabs','wpforms-template' )  )
					 
					 ORDER BY QG6dosyx_posts.menu_order ASC, QG6dosyx_posts.post_title ASC
					 
[11-Jun-2025 09:01:47 UTC] SELECT   QG6dosyx_posts.*
					 FROM QG6dosyx_posts 
					 WHERE 1=1  AND QG6dosyx_posts.post_type = 'acf-field-group' AND ((QG6dosyx_posts.post_status = 'publish' OR QG6dosyx_posts.post_status = 'acf-disabled'))
					 
					 ORDER BY QG6dosyx_posts.menu_order ASC, QG6dosyx_posts.post_title ASC
					 
[11-Jun-2025 09:01:48 UTC] SELECT   QG6dosyx_posts.*
					 FROM QG6dosyx_posts  JOIN QG6dosyx_icl_translations wpml_translations
							ON QG6dosyx_posts.ID = wpml_translations.element_id
								AND wpml_translations.element_type = CONCAT('post_', QG6dosyx_posts.post_type) 
					 WHERE 1=1  AND QG6dosyx_posts.post_type = 'page' AND ((QG6dosyx_posts.post_status = 'publish')) AND ( ( ( wpml_translations.language_code = 'en' OR 0 ) AND QG6dosyx_posts.post_type  IN ('post','page','attachment','wp_block','wp_template','wp_template_part','wp_navigation','home-features-banner','testimonial','product','product_variation','shop_order_placehold','sp_accordion_faqs','sp_wp_tabs','wpforms-template' )  ) OR QG6dosyx_posts.post_type  NOT  IN ('post','page','attachment','wp_block','wp_template','wp_template_part','wp_navigation','home-features-banner','testimonial','product','product_variation','shop_order_placehold','sp_accordion_faqs','sp_wp_tabs','wpforms-template' )  )
					 
					 ORDER BY QG6dosyx_posts.menu_order ASC, QG6dosyx_posts.post_title ASC
					 
[11-Jun-2025 09:01:48 UTC] SELECT   QG6dosyx_posts.*
					 FROM QG6dosyx_posts  JOIN QG6dosyx_icl_translations wpml_translations
							ON QG6dosyx_posts.ID = wpml_translations.element_id
								AND wpml_translations.element_type = CONCAT('post_', QG6dosyx_posts.post_type) 
					 WHERE 1=1  AND QG6dosyx_posts.post_type = 'page' AND ((QG6dosyx_posts.post_status = 'publish')) AND ( ( ( wpml_translations.language_code = 'en' OR 0 ) AND QG6dosyx_posts.post_type  IN ('post','page','attachment','wp_block','wp_template','wp_template_part','wp_navigation','home-features-banner','testimonial','product','product_variation','shop_order_placehold','sp_accordion_faqs','sp_wp_tabs','wpforms-template' )  ) OR QG6dosyx_posts.post_type  NOT  IN ('post','page','attachment','wp_block','wp_template','wp_template_part','wp_navigation','home-features-banner','testimonial','product','product_variation','shop_order_placehold','sp_accordion_faqs','sp_wp_tabs','wpforms-template' )  )
					 
					 ORDER BY QG6dosyx_posts.menu_order ASC, QG6dosyx_posts.post_title ASC
					 
[11-Jun-2025 09:01:50 UTC] PHP Deprecated:  Automatic conversion of false to array is deprecated in C:\xampp\htdocs\junior-salon\wp-content\plugins\wpml-sticky-links\classes\class-wpml-sticky-links.php on line 19
[11-Jun-2025 09:01:51 UTC] PHP Deprecated:  Automatic conversion of false to array is deprecated in C:\xampp\htdocs\junior-salon\wp-content\plugins\wpml-sticky-links\classes\class-wpml-sticky-links.php on line 19
[11-Jun-2025 09:01:53 UTC] PHP Deprecated:  Automatic conversion of false to array is deprecated in C:\xampp\htdocs\junior-salon\wp-content\plugins\wpml-sticky-links\classes\class-wpml-sticky-links.php on line 19
[11-Jun-2025 09:01:55 UTC] SELECT   QG6dosyx_posts.*
					 FROM QG6dosyx_posts 
					 WHERE 1=1  AND QG6dosyx_posts.post_type = 'acf-taxonomy' AND ((QG6dosyx_posts.post_status = 'publish' OR QG6dosyx_posts.post_status = 'acf-disabled'))
					 
					 ORDER BY QG6dosyx_posts.menu_order ASC, QG6dosyx_posts.post_title ASC
					 
[11-Jun-2025 09:01:55 UTC] SELECT   QG6dosyx_posts.*
					 FROM QG6dosyx_posts 
					 WHERE 1=1  AND QG6dosyx_posts.post_type = 'acf-post-type' AND ((QG6dosyx_posts.post_status = 'publish' OR QG6dosyx_posts.post_status = 'acf-disabled'))
					 
					 ORDER BY QG6dosyx_posts.menu_order ASC, QG6dosyx_posts.post_title ASC
					 
[11-Jun-2025 09:01:56 UTC] SELECT   QG6dosyx_posts.*
					 FROM QG6dosyx_posts 
					 WHERE 1=1  AND QG6dosyx_posts.post_type = 'acf-taxonomy' AND ((QG6dosyx_posts.post_status = 'publish' OR QG6dosyx_posts.post_status = 'acf-disabled'))
					 
					 ORDER BY QG6dosyx_posts.menu_order ASC, QG6dosyx_posts.post_title ASC
					 
[11-Jun-2025 09:01:56 UTC] SELECT   QG6dosyx_posts.*
					 FROM QG6dosyx_posts 
					 WHERE 1=1  AND QG6dosyx_posts.post_type = 'acf-post-type' AND ((QG6dosyx_posts.post_status = 'publish' OR QG6dosyx_posts.post_status = 'acf-disabled'))
					 
					 ORDER BY QG6dosyx_posts.menu_order ASC, QG6dosyx_posts.post_title ASC
					 
[11-Jun-2025 09:01:57 UTC] SELECT   QG6dosyx_posts.*
					 FROM QG6dosyx_posts 
					 WHERE 1=1  AND QG6dosyx_posts.post_type = 'acf-taxonomy' AND ((QG6dosyx_posts.post_status = 'publish' OR QG6dosyx_posts.post_status = 'acf-disabled'))
					 
					 ORDER BY QG6dosyx_posts.menu_order ASC, QG6dosyx_posts.post_title ASC
					 
[11-Jun-2025 09:01:57 UTC] SELECT   QG6dosyx_posts.*
					 FROM QG6dosyx_posts 
					 WHERE 1=1  AND QG6dosyx_posts.post_type = 'acf-post-type' AND ((QG6dosyx_posts.post_status = 'publish' OR QG6dosyx_posts.post_status = 'acf-disabled'))
					 
					 ORDER BY QG6dosyx_posts.menu_order ASC, QG6dosyx_posts.post_title ASC
					 
[11-Jun-2025 09:02:00 UTC] SELECT SQL_CALC_FOUND_ROWS  QG6dosyx_posts.*
					 FROM QG6dosyx_posts 
					 WHERE 1=1  AND ((QG6dosyx_posts.post_type = 'post' AND (QG6dosyx_posts.post_status = 'publish' OR QG6dosyx_posts.post_status = 'acf-disabled' 
OR QG6dosyx_posts.post_status = 'private')))
					 
					 ORDER BY QG6dosyx_posts.post_date DESC
					 LIMIT 0, 10
[11-Jun-2025 09:02:02 UTC] PHP Deprecated:  Automatic conversion of false to array is deprecated in C:\xampp\htdocs\junior-salon\wp-content\plugins\wpml-sticky-links\classes\class-wpml-sticky-links.php on line 19
[11-Jun-2025 09:02:04 UTC] PHP Deprecated:  Automatic conversion of false to array is deprecated in C:\xampp\htdocs\junior-salon\wp-content\plugins\wpml-sticky-links\classes\class-wpml-sticky-links.php on line 19
[11-Jun-2025 09:02:04 UTC] PHP Deprecated:  Automatic conversion of false to array is deprecated in C:\xampp\htdocs\junior-salon\wp-content\plugins\wpml-sticky-links\classes\class-wpml-sticky-links.php on line 19
[11-Jun-2025 09:02:07 UTC] SELECT   QG6dosyx_posts.*
					 FROM QG6dosyx_posts 
					 WHERE 1=1  AND QG6dosyx_posts.post_type = 'acf-taxonomy' AND ((QG6dosyx_posts.post_status = 'publish' OR QG6dosyx_posts.post_status = 'acf-disabled'))
					 
					 ORDER BY QG6dosyx_posts.menu_order ASC, QG6dosyx_posts.post_title ASC
					 
[11-Jun-2025 09:02:07 UTC] SELECT   QG6dosyx_posts.*
					 FROM QG6dosyx_posts 
					 WHERE 1=1  AND QG6dosyx_posts.post_type = 'acf-post-type' AND ((QG6dosyx_posts.post_status = 'publish' OR QG6dosyx_posts.post_status = 'acf-disabled'))
					 
					 ORDER BY QG6dosyx_posts.menu_order ASC, QG6dosyx_posts.post_title ASC
					 
[11-Jun-2025 09:02:08 UTC] SELECT   QG6dosyx_posts.*
					 FROM QG6dosyx_posts 
					 WHERE 1=1  AND QG6dosyx_posts.post_type = 'acf-taxonomy' AND ((QG6dosyx_posts.post_status = 'publish' OR QG6dosyx_posts.post_status = 'acf-disabled'))
					 
					 ORDER BY QG6dosyx_posts.menu_order ASC, QG6dosyx_posts.post_title ASC
					 
[11-Jun-2025 09:02:08 UTC] SELECT   QG6dosyx_posts.*
					 FROM QG6dosyx_posts 
					 WHERE 1=1  AND QG6dosyx_posts.post_type = 'acf-post-type' AND ((QG6dosyx_posts.post_status = 'publish' OR QG6dosyx_posts.post_status = 'acf-disabled'))
					 
					 ORDER BY QG6dosyx_posts.menu_order ASC, QG6dosyx_posts.post_title ASC
					 
[11-Jun-2025 09:02:08 UTC] PHP Deprecated:  Automatic conversion of false to array is deprecated in C:\xampp\htdocs\junior-salon\wp-content\plugins\wpml-sticky-links\classes\class-wpml-sticky-links.php on line 19
[11-Jun-2025 09:02:09 UTC] SELECT   QG6dosyx_posts.*
					 FROM QG6dosyx_posts 
					 WHERE 1=1  AND QG6dosyx_posts.post_type = 'acf-taxonomy' AND ((QG6dosyx_posts.post_status = 'publish' OR QG6dosyx_posts.post_status = 'acf-disabled'))
					 
					 ORDER BY QG6dosyx_posts.menu_order ASC, QG6dosyx_posts.post_title ASC
					 
[11-Jun-2025 09:02:09 UTC] SELECT   QG6dosyx_posts.*
					 FROM QG6dosyx_posts 
					 WHERE 1=1  AND QG6dosyx_posts.post_type = 'acf-post-type' AND ((QG6dosyx_posts.post_status = 'publish' OR QG6dosyx_posts.post_status = 'acf-disabled'))
					 
					 ORDER BY QG6dosyx_posts.menu_order ASC, QG6dosyx_posts.post_title ASC
					 
[11-Jun-2025 09:02:09 UTC] PHP Deprecated:  Automatic conversion of false to array is deprecated in C:\xampp\htdocs\junior-salon\wp-content\plugins\wpml-sticky-links\classes\class-wpml-sticky-links.php on line 19
[11-Jun-2025 09:02:13 UTC] SELECT   QG6dosyx_posts.*
					 FROM QG6dosyx_posts 
					 WHERE 1=1  AND QG6dosyx_posts.post_type = 'acf-taxonomy' AND ((QG6dosyx_posts.post_status = 'publish' OR QG6dosyx_posts.post_status = 'acf-disabled'))
					 
					 ORDER BY QG6dosyx_posts.menu_order ASC, QG6dosyx_posts.post_title ASC
					 
[11-Jun-2025 09:02:13 UTC] SELECT   QG6dosyx_posts.*
					 FROM QG6dosyx_posts 
					 WHERE 1=1  AND QG6dosyx_posts.post_type = 'acf-post-type' AND ((QG6dosyx_posts.post_status = 'publish' OR QG6dosyx_posts.post_status = 'acf-disabled'))
					 
					 ORDER BY QG6dosyx_posts.menu_order ASC, QG6dosyx_posts.post_title ASC
					 
[11-Jun-2025 09:02:14 UTC] SELECT   QG6dosyx_posts.*
					 FROM QG6dosyx_posts 
					 WHERE 1=1  AND QG6dosyx_posts.post_type = 'acf-taxonomy' AND ((QG6dosyx_posts.post_status = 'publish' OR QG6dosyx_posts.post_status = 'acf-disabled'))
					 
					 ORDER BY QG6dosyx_posts.menu_order ASC, QG6dosyx_posts.post_title ASC
					 
[11-Jun-2025 09:02:14 UTC] SELECT   QG6dosyx_posts.*
					 FROM QG6dosyx_posts 
					 WHERE 1=1  AND QG6dosyx_posts.post_type = 'acf-post-type' AND ((QG6dosyx_posts.post_status = 'publish' OR QG6dosyx_posts.post_status = 'acf-disabled'))
					 
					 ORDER BY QG6dosyx_posts.menu_order ASC, QG6dosyx_posts.post_title ASC
					 
[11-Jun-2025 09:02:14 UTC] PHP Fatal error:  Uncaught RuntimeException: Unable to release actions from claim id 0. in C:\xampp\htdocs\junior-salon\wp-content\plugins\woocommerce\packages\action-scheduler\classes\data-stores\ActionScheduler_DBStore.php:1128
Stack trace:
#0 C:\xampp\htdocs\junior-salon\wp-content\plugins\woocommerce\packages\action-scheduler\classes\data-stores\ActionScheduler_HybridStore.php(440): ActionScheduler_DBStore->release_claim(Object(ActionScheduler_ActionClaim))
#1 C:\xampp\htdocs\junior-salon\wp-content\plugins\woocommerce\packages\action-scheduler\classes\ActionScheduler_QueueRunner.php(195): ActionScheduler_HybridStore->release_claim(Object(ActionScheduler_ActionClaim))
#2 C:\xampp\htdocs\junior-salon\wp-content\plugins\woocommerce\packages\action-scheduler\classes\ActionScheduler_QueueRunner.php(158): ActionScheduler_QueueRunner->do_batch(25, 'WP Cron')
#3 C:\xampp\htdocs\junior-salon\wp-includes\class-wp-hook.php(324): ActionScheduler_QueueRunner->run('WP Cron')
#4 C:\xampp\htdocs\junior-salon\wp-includes\class-wp-hook.php(348): WP_Hook->apply_filters('', Array)
#5 C:\xampp\htdocs\junior-salon\wp-includes\plugin.php(565): WP_Hook->do_action(Array)
#6 C:\xampp\htdocs\junior-salon\wp-cron.php(191): do_action_ref_array('action_schedule...', Array)
#7 {main}
  thrown in C:\xampp\htdocs\junior-salon\wp-content\plugins\woocommerce\packages\action-scheduler\classes\data-stores\ActionScheduler_DBStore.php on line 1128
[11-Jun-2025 09:02:15 UTC] PHP Fatal error:  Uncaught RuntimeException: Unable to release actions from claim id 0. in C:\xampp\htdocs\junior-salon\wp-content\plugins\woocommerce\packages\action-scheduler\classes\data-stores\ActionScheduler_DBStore.php:1128
Stack trace:
#0 C:\xampp\htdocs\junior-salon\wp-content\plugins\woocommerce\packages\action-scheduler\classes\data-stores\ActionScheduler_HybridStore.php(440): ActionScheduler_DBStore->release_claim(Object(ActionScheduler_ActionClaim))
#1 C:\xampp\htdocs\junior-salon\wp-content\plugins\woocommerce\packages\action-scheduler\classes\ActionScheduler_FatalErrorMonitor.php(95): ActionScheduler_HybridStore->release_claim(Object(ActionScheduler_ActionClaim))
#2 C:\xampp\htdocs\junior-salon\wp-includes\class-wp-hook.php(324): ActionScheduler_FatalErrorMonitor->handle_unexpected_shutdown('')
#3 C:\xampp\htdocs\junior-salon\wp-includes\class-wp-hook.php(348): WP_Hook->apply_filters(NULL, Array)
#4 C:\xampp\htdocs\junior-salon\wp-includes\plugin.php(517): WP_Hook->do_action(Array)
#5 C:\xampp\htdocs\junior-salon\wp-includes\load.php(1304): do_action('shutdown')
#6 [internal function]: shutdown_action_hook()
#7 {main}
  thrown in C:\xampp\htdocs\junior-salon\wp-content\plugins\woocommerce\packages\action-scheduler\classes\data-stores\ActionScheduler_DBStore.php on line 1128
[11-Jun-2025 09:02:15 UTC] PHP Deprecated:  Automatic conversion of false to array is deprecated in C:\xampp\htdocs\junior-salon\wp-content\plugins\wpml-sticky-links\classes\class-wpml-sticky-links.php on line 19
[11-Jun-2025 09:02:19 UTC] PHP Deprecated:  Automatic conversion of false to array is deprecated in C:\xampp\htdocs\junior-salon\wp-content\plugins\wpml-sticky-links\classes\class-wpml-sticky-links.php on line 19
[11-Jun-2025 09:02:20 UTC] PHP Deprecated:  Automatic conversion of false to array is deprecated in C:\xampp\htdocs\junior-salon\wp-content\plugins\wpml-sticky-links\classes\class-wpml-sticky-links.php on line 19
[11-Jun-2025 09:02:22 UTC] PHP Deprecated:  Automatic conversion of false to array is deprecated in C:\xampp\htdocs\junior-salon\wp-content\plugins\wpml-sticky-links\classes\class-wpml-sticky-links.php on line 19
[11-Jun-2025 09:02:24 UTC] SELECT   QG6dosyx_posts.*
					 FROM QG6dosyx_posts 
					 WHERE 1=1  AND QG6dosyx_posts.post_type = 'acf-taxonomy' AND ((QG6dosyx_posts.post_status = 'publish' OR QG6dosyx_posts.post_status = 'acf-disabled'))
					 
					 ORDER BY QG6dosyx_posts.menu_order ASC, QG6dosyx_posts.post_title ASC
					 
[11-Jun-2025 09:02:24 UTC] SELECT   QG6dosyx_posts.*
					 FROM QG6dosyx_posts 
					 WHERE 1=1  AND QG6dosyx_posts.post_type = 'acf-post-type' AND ((QG6dosyx_posts.post_status = 'publish' OR QG6dosyx_posts.post_status = 'acf-disabled'))
					 
					 ORDER BY QG6dosyx_posts.menu_order ASC, QG6dosyx_posts.post_title ASC
					 
[11-Jun-2025 09:02:25 UTC] SELECT   QG6dosyx_posts.*
					 FROM QG6dosyx_posts 
					 WHERE 1=1  AND QG6dosyx_posts.post_type = 'acf-taxonomy' AND ((QG6dosyx_posts.post_status = 'publish' OR QG6dosyx_posts.post_status = 'acf-disabled'))
					 
					 ORDER BY QG6dosyx_posts.menu_order ASC, QG6dosyx_posts.post_title ASC
					 
[11-Jun-2025 09:02:25 UTC] SELECT   QG6dosyx_posts.*
					 FROM QG6dosyx_posts 
					 WHERE 1=1  AND QG6dosyx_posts.post_type = 'acf-post-type' AND ((QG6dosyx_posts.post_status = 'publish' OR QG6dosyx_posts.post_status = 'acf-disabled'))
					 
					 ORDER BY QG6dosyx_posts.menu_order ASC, QG6dosyx_posts.post_title ASC
					 
[11-Jun-2025 09:02:27 UTC] SELECT   QG6dosyx_posts.*
					 FROM QG6dosyx_posts 
					 WHERE 1=1  AND QG6dosyx_posts.post_type = 'acf-taxonomy' AND ((QG6dosyx_posts.post_status = 'publish' OR QG6dosyx_posts.post_status = 'acf-disabled'))
					 
					 ORDER BY QG6dosyx_posts.menu_order ASC, QG6dosyx_posts.post_title ASC
					 
[11-Jun-2025 09:02:27 UTC] SELECT   QG6dosyx_posts.*
					 FROM QG6dosyx_posts 
					 WHERE 1=1  AND QG6dosyx_posts.post_type = 'acf-post-type' AND ((QG6dosyx_posts.post_status = 'publish' OR QG6dosyx_posts.post_status = 'acf-disabled'))
					 
					 ORDER BY QG6dosyx_posts.menu_order ASC, QG6dosyx_posts.post_title ASC
					 
[11-Jun-2025 09:02:29 UTC] SELECT   QG6dosyx_posts.*
					 FROM QG6dosyx_posts 
					 WHERE 1=1  AND QG6dosyx_posts.post_name = '98ffc14a-9c47-4ab6-a6d8-154270d0199c' AND QG6dosyx_posts.post_type = 'customize_changeset' AND ((QG6dosyx_posts.post_status = 'publish' OR QG6dosyx_posts.post_status = 'future' OR QG6dosyx_posts.post_status = 'draft' OR QG6dosyx_posts.post_status = 'pending' OR QG6dosyx_posts.post_status = 'trash' OR QG6dosyx_posts.post_status = 'auto-draft' OR QG6dosyx_posts.post_status = 'inherit' OR QG6dosyx_posts.post_status = 'request-pending' OR QG6dosyx_posts.post_status = 'request-confirmed' OR QG6dosyx_posts.post_status = 'request-failed' OR QG6dosyx_posts.post_status = 'request-completed' OR QG6dosyx_posts.post_status = 'private'))
					 
					 ORDER BY QG6dosyx_posts.post_date DESC
					 
[11-Jun-2025 09:02:30 UTC] SELECT   QG6dosyx_posts.*
					 FROM QG6dosyx_posts 
					 WHERE 1=1  AND QG6dosyx_posts.post_name = 'toolset-woocommerce-fields' AND QG6dosyx_posts.post_type = 'wp-types-group'
					 
					 ORDER BY QG6dosyx_posts.post_date DESC
					 
[11-Jun-2025 09:02:31 UTC] SELECT   QG6dosyx_posts.*
					 FROM QG6dosyx_posts 
					 WHERE 1=1  AND QG6dosyx_posts.post_type = 'acf-taxonomy' AND ((QG6dosyx_posts.post_status = 'publish' OR QG6dosyx_posts.post_status = 'acf-disabled'))
					 
					 ORDER BY QG6dosyx_posts.menu_order ASC, QG6dosyx_posts.post_title ASC
					 
[11-Jun-2025 09:02:31 UTC] SELECT   QG6dosyx_posts.*
					 FROM QG6dosyx_posts 
					 WHERE 1=1  AND QG6dosyx_posts.post_type = 'acf-post-type' AND ((QG6dosyx_posts.post_status = 'publish' OR QG6dosyx_posts.post_status = 'acf-disabled'))
					 
					 ORDER BY QG6dosyx_posts.menu_order ASC, QG6dosyx_posts.post_title ASC
					 
[11-Jun-2025 09:02:32 UTC] PHP Deprecated:  Automatic conversion of false to array is deprecated in C:\xampp\htdocs\junior-salon\wp-content\plugins\wpml-sticky-links\classes\class-wpml-sticky-links.php on line 19
[11-Jun-2025 09:02:33 UTC] PHP Deprecated:  Automatic conversion of false to array is deprecated in C:\xampp\htdocs\junior-salon\wp-content\plugins\wpml-sticky-links\classes\class-wpml-sticky-links.php on line 19
[11-Jun-2025 09:02:35 UTC] SELECT   QG6dosyx_posts.*
					 FROM QG6dosyx_posts  JOIN QG6dosyx_icl_translations wpml_translations
							ON QG6dosyx_posts.ID = wpml_translations.element_id
								AND wpml_translations.element_type = CONCAT('post_', QG6dosyx_posts.post_type) 
					 WHERE 1=1  AND QG6dosyx_posts.ID NOT IN (66,68,70) AND QG6dosyx_posts.post_type = 'page' AND ((QG6dosyx_posts.post_status = 'publish' OR QG6dosyx_posts.post_status = 'draft' OR QG6dosyx_posts.post_status = 'private')) AND ( ( ( wpml_translations.language_code = 'en' OR 0 ) AND QG6dosyx_posts.post_type  IN ('post','page','attachment','wp_block','wp_template','wp_template_part','wp_navigation','home-features-banner','testimonial','product','product_variation','shop_order_placehold','sp_accordion_faqs','sp_wp_tabs','wpforms-template' )  ) OR QG6dosyx_posts.post_type  NOT  IN ('post','page','attachment','wp_block','wp_template','wp_template_part','wp_navigation','home-features-banner','testimonial','product','product_variation','shop_order_placehold','sp_accordion_faqs','sp_wp_tabs','wpforms-template' )  )
					 
					 ORDER BY QG6dosyx_posts.post_title ASC
					 
[11-Jun-2025 09:02:35 UTC] PHP Deprecated:  Automatic conversion of false to array is deprecated in C:\xampp\htdocs\junior-salon\wp-content\plugins\wpml-sticky-links\classes\class-wpml-sticky-links.php on line 19
[11-Jun-2025 09:02:37 UTC] SELECT   QG6dosyx_posts.*
					 FROM QG6dosyx_posts 
					 WHERE 1=1  AND QG6dosyx_posts.post_type = 'acf-field-group' AND ((QG6dosyx_posts.post_status = 'publish' OR QG6dosyx_posts.post_status = 'acf-disabled'))
					 
					 ORDER BY QG6dosyx_posts.menu_order ASC, QG6dosyx_posts.post_title ASC
					 
[11-Jun-2025 09:02:37 UTC] SELECT   QG6dosyx_posts.*
					 FROM QG6dosyx_posts 
					 WHERE 1=1  AND QG6dosyx_posts.post_type = 'acf-taxonomy' AND ((QG6dosyx_posts.post_status = 'publish' OR QG6dosyx_posts.post_status = 'acf-disabled'))
					 
					 ORDER BY QG6dosyx_posts.menu_order ASC, QG6dosyx_posts.post_title ASC
					 
[11-Jun-2025 09:02:37 UTC] SELECT   QG6dosyx_posts.*
					 FROM QG6dosyx_posts 
					 WHERE 1=1  AND QG6dosyx_posts.post_type = 'acf-post-type' AND ((QG6dosyx_posts.post_status = 'publish' OR QG6dosyx_posts.post_status = 'acf-disabled'))
					 
					 ORDER BY QG6dosyx_posts.menu_order ASC, QG6dosyx_posts.post_title ASC
					 
[11-Jun-2025 09:02:38 UTC] SELECT   QG6dosyx_posts.*
					 FROM QG6dosyx_posts 
					 WHERE 1=1  AND QG6dosyx_posts.post_type = 'wpforms' AND ((QG6dosyx_posts.post_status = 'publish'))
					 
					 ORDER BY QG6dosyx_posts.post_date ASC
					 
[11-Jun-2025 09:02:38 UTC] SELECT   QG6dosyx_posts.*
					 FROM QG6dosyx_posts 
					 WHERE 1=1  AND QG6dosyx_posts.post_type = 'wpforms' AND ((QG6dosyx_posts.post_status = 'publish'))
					 
					 ORDER BY QG6dosyx_posts.post_date DESC
					 
[11-Jun-2025 09:02:39 UTC] SELECT   QG6dosyx_posts.*
					 FROM QG6dosyx_posts 
					 WHERE 1=1  AND QG6dosyx_posts.post_type = 'acf-taxonomy' AND ((QG6dosyx_posts.post_status = 'publish' OR QG6dosyx_posts.post_status = 'acf-disabled'))
					 
					 ORDER BY QG6dosyx_posts.menu_order ASC, QG6dosyx_posts.post_title ASC
					 
[11-Jun-2025 09:02:39 UTC] SELECT   QG6dosyx_posts.*
					 FROM QG6dosyx_posts 
					 WHERE 1=1  AND QG6dosyx_posts.post_type = 'acf-post-type' AND ((QG6dosyx_posts.post_status = 'publish' OR QG6dosyx_posts.post_status = 'acf-disabled'))
					 
					 ORDER BY QG6dosyx_posts.menu_order ASC, QG6dosyx_posts.post_title ASC
					 
[11-Jun-2025 09:02:40 UTC] SELECT   QG6dosyx_posts.*
					 FROM QG6dosyx_posts 
					 WHERE 1=1  AND QG6dosyx_posts.post_type = 'acf-taxonomy' AND ((QG6dosyx_posts.post_status = 'publish' OR QG6dosyx_posts.post_status = 'acf-disabled'))
					 
					 ORDER BY QG6dosyx_posts.menu_order ASC, QG6dosyx_posts.post_title ASC
					 
[11-Jun-2025 09:02:40 UTC] SELECT   QG6dosyx_posts.*
					 FROM QG6dosyx_posts 
					 WHERE 1=1  AND QG6dosyx_posts.post_type = 'acf-post-type' AND ((QG6dosyx_posts.post_status = 'publish' OR QG6dosyx_posts.post_status = 'acf-disabled'))
					 
					 ORDER BY QG6dosyx_posts.menu_order ASC, QG6dosyx_posts.post_title ASC
					 
[11-Jun-2025 09:02:42 UTC] SELECT   QG6dosyx_posts.*
					 FROM QG6dosyx_posts  JOIN QG6dosyx_icl_translations wpml_translations
							ON QG6dosyx_posts.ID = wpml_translations.element_id
								AND wpml_translations.element_type = CONCAT('post_', QG6dosyx_posts.post_type) 
					 WHERE 1=1  AND QG6dosyx_posts.post_type = 'page' AND ((QG6dosyx_posts.post_status = 'publish')) AND ( ( ( wpml_translations.language_code = 'en' OR 0 ) AND QG6dosyx_posts.post_type  IN ('post','page','attachment','wp_block','wp_template','wp_template_part','wp_navigation','home-features-banner','testimonial','product','product_variation','shop_order_placehold','sp_accordion_faqs','sp_wp_tabs','wpforms-template' )  ) OR QG6dosyx_posts.post_type  NOT  IN ('post','page','attachment','wp_block','wp_template','wp_template_part','wp_navigation','home-features-banner','testimonial','product','product_variation','shop_order_placehold','sp_accordion_faqs','sp_wp_tabs','wpforms-template' )  )
					 
					 ORDER BY QG6dosyx_posts.post_title ASC
					 LIMIT 0, 1
[11-Jun-2025 09:02:42 UTC] SELECT   QG6dosyx_posts.*
					 FROM QG6dosyx_posts  JOIN QG6dosyx_icl_translations wpml_translations
							ON QG6dosyx_posts.ID = wpml_translations.element_id
								AND wpml_translations.element_type = CONCAT('post_', QG6dosyx_posts.post_type) 
					 WHERE 1=1  AND QG6dosyx_posts.post_type = 'page' AND ((QG6dosyx_posts.post_status = 'publish')) AND ( ( ( wpml_translations.language_code = 'en' OR 0 ) AND QG6dosyx_posts.post_type  IN ('post','page','attachment','wp_block','wp_template','wp_template_part','wp_navigation','home-features-banner','testimonial','product','product_variation','shop_order_placehold','sp_accordion_faqs','sp_wp_tabs','wpforms-template' )  ) OR QG6dosyx_posts.post_type  NOT  IN ('post','page','attachment','wp_block','wp_template','wp_template_part','wp_navigation','home-features-banner','testimonial','product','product_variation','shop_order_placehold','sp_accordion_faqs','sp_wp_tabs','wpforms-template' )  )
					 
					 ORDER BY QG6dosyx_posts.post_title ASC
					 
[11-Jun-2025 09:02:42 UTC] SELECT   QG6dosyx_posts.*
					 FROM QG6dosyx_posts  JOIN QG6dosyx_icl_translations wpml_translations
							ON QG6dosyx_posts.ID = wpml_translations.element_id
								AND wpml_translations.element_type = CONCAT('post_', QG6dosyx_posts.post_type) 
					 WHERE 1=1  AND QG6dosyx_posts.post_type = 'page' AND ((QG6dosyx_posts.post_status = 'publish')) AND ( ( ( wpml_translations.language_code = 'en' OR 0 ) AND QG6dosyx_posts.post_type  IN ('post','page','attachment','wp_block','wp_template','wp_template_part','wp_navigation','home-features-banner','testimonial','product','product_variation','shop_order_placehold','sp_accordion_faqs','sp_wp_tabs','wpforms-template' )  ) OR QG6dosyx_posts.post_type  NOT  IN ('post','page','attachment','wp_block','wp_template','wp_template_part','wp_navigation','home-features-banner','testimonial','product','product_variation','shop_order_placehold','sp_accordion_faqs','sp_wp_tabs','wpforms-template' )  )
					 
					 ORDER BY QG6dosyx_posts.post_title ASC
					 
[11-Jun-2025 09:02:48 UTC] PHP Deprecated:  Automatic conversion of false to array is deprecated in C:\xampp\htdocs\junior-salon\wp-content\plugins\wpml-sticky-links\classes\class-wpml-sticky-links.php on line 19
[11-Jun-2025 09:02:48 UTC] PHP Deprecated:  Automatic conversion of false to array is deprecated in C:\xampp\htdocs\junior-salon\wp-content\plugins\wpml-sticky-links\classes\class-wpml-sticky-links.php on line 19
[11-Jun-2025 09:02:51 UTC] PHP Deprecated:  Automatic conversion of false to array is deprecated in C:\xampp\htdocs\junior-salon\wp-content\plugins\wpml-sticky-links\classes\class-wpml-sticky-links.php on line 19
[11-Jun-2025 09:02:51 UTC] PHP Deprecated:  Automatic conversion of false to array is deprecated in C:\xampp\htdocs\junior-salon\wp-content\plugins\wpml-sticky-links\classes\class-wpml-sticky-links.php on line 19
[11-Jun-2025 09:02:53 UTC] SELECT   QG6dosyx_posts.*
					 FROM QG6dosyx_posts 
					 WHERE 1=1  AND QG6dosyx_posts.post_type = 'acf-taxonomy' AND ((QG6dosyx_posts.post_status = 'publish' OR QG6dosyx_posts.post_status = 'acf-disabled'))
					 
					 ORDER BY QG6dosyx_posts.menu_order ASC, QG6dosyx_posts.post_title ASC
					 
[11-Jun-2025 09:02:53 UTC] SELECT   QG6dosyx_posts.*
					 FROM QG6dosyx_posts 
					 WHERE 1=1  AND QG6dosyx_posts.post_type = 'acf-post-type' AND ((QG6dosyx_posts.post_status = 'publish' OR QG6dosyx_posts.post_status = 'acf-disabled'))
					 
					 ORDER BY QG6dosyx_posts.menu_order ASC, QG6dosyx_posts.post_title ASC
					 
[11-Jun-2025 09:02:54 UTC] SELECT   QG6dosyx_posts.*
					 FROM QG6dosyx_posts 
					 WHERE 1=1  AND QG6dosyx_posts.post_type = 'acf-taxonomy' AND ((QG6dosyx_posts.post_status = 'publish' OR QG6dosyx_posts.post_status = 'acf-disabled'))
					 
					 ORDER BY QG6dosyx_posts.menu_order ASC, QG6dosyx_posts.post_title ASC
					 
[11-Jun-2025 09:02:54 UTC] SELECT   QG6dosyx_posts.*
					 FROM QG6dosyx_posts 
					 WHERE 1=1  AND QG6dosyx_posts.post_type = 'acf-post-type' AND ((QG6dosyx_posts.post_status = 'publish' OR QG6dosyx_posts.post_status = 'acf-disabled'))
					 
					 ORDER BY QG6dosyx_posts.menu_order ASC, QG6dosyx_posts.post_title ASC
					 
[11-Jun-2025 09:02:55 UTC] SELECT   QG6dosyx_posts.*
					 FROM QG6dosyx_posts 
					 WHERE 1=1  AND QG6dosyx_posts.post_type = 'acf-taxonomy' AND ((QG6dosyx_posts.post_status = 'publish' OR QG6dosyx_posts.post_status = 'acf-disabled'))
					 
					 ORDER BY QG6dosyx_posts.menu_order ASC, QG6dosyx_posts.post_title ASC
					 
[11-Jun-2025 09:02:55 UTC] SELECT   QG6dosyx_posts.*
					 FROM QG6dosyx_posts 
					 WHERE 1=1  AND QG6dosyx_posts.post_type = 'acf-post-type' AND ((QG6dosyx_posts.post_status = 'publish' OR QG6dosyx_posts.post_status = 'acf-disabled'))
					 
					 ORDER BY QG6dosyx_posts.menu_order ASC, QG6dosyx_posts.post_title ASC
					 
[11-Jun-2025 09:02:56 UTC] SELECT   QG6dosyx_posts.*
					 FROM QG6dosyx_posts 
					 WHERE 1=1  AND QG6dosyx_posts.post_type = 'acf-taxonomy' AND ((QG6dosyx_posts.post_status = 'publish' OR QG6dosyx_posts.post_status = 'acf-disabled'))
					 
					 ORDER BY QG6dosyx_posts.menu_order ASC, QG6dosyx_posts.post_title ASC
					 
[11-Jun-2025 09:02:56 UTC] SELECT   QG6dosyx_posts.*
					 FROM QG6dosyx_posts 
					 WHERE 1=1  AND QG6dosyx_posts.post_type = 'acf-post-type' AND ((QG6dosyx_posts.post_status = 'publish' OR QG6dosyx_posts.post_status = 'acf-disabled'))
					 
					 ORDER BY QG6dosyx_posts.menu_order ASC, QG6dosyx_posts.post_title ASC
					 
[11-Jun-2025 09:02:57 UTC] SELECT SQL_CALC_FOUND_ROWS  QG6dosyx_posts.*
					 FROM QG6dosyx_posts 
					 WHERE 1=1  AND ((QG6dosyx_posts.post_type = 'post' AND (QG6dosyx_posts.post_status = 'publish' OR QG6dosyx_posts.post_status = 'acf-disabled' 
OR QG6dosyx_posts.post_status = 'private')))
					 
					 ORDER BY QG6dosyx_posts.post_date DESC
					 LIMIT 0, 10
[11-Jun-2025 09:03:04 UTC] PHP Deprecated:  Automatic conversion of false to array is deprecated in C:\xampp\htdocs\junior-salon\wp-content\plugins\wpml-sticky-links\classes\class-wpml-sticky-links.php on line 19
[11-Jun-2025 09:03:06 UTC] PHP Deprecated:  Automatic conversion of false to array is deprecated in C:\xampp\htdocs\junior-salon\wp-content\plugins\wpml-sticky-links\classes\class-wpml-sticky-links.php on line 19
[11-Jun-2025 09:03:06 UTC] PHP Deprecated:  Automatic conversion of false to array is deprecated in C:\xampp\htdocs\junior-salon\wp-content\plugins\wpml-sticky-links\classes\class-wpml-sticky-links.php on line 19
[11-Jun-2025 09:03:06 UTC] PHP Deprecated:  Automatic conversion of false to array is deprecated in C:\xampp\htdocs\junior-salon\wp-content\plugins\wpml-sticky-links\classes\class-wpml-sticky-links.php on line 19
[11-Jun-2025 09:03:09 UTC] SELECT   QG6dosyx_posts.*
					 FROM QG6dosyx_posts 
					 WHERE 1=1  AND QG6dosyx_posts.post_type = 'acf-taxonomy' AND ((QG6dosyx_posts.post_status = 'publish' OR QG6dosyx_posts.post_status = 'acf-disabled'))
					 
					 ORDER BY QG6dosyx_posts.menu_order ASC, QG6dosyx_posts.post_title ASC
					 
[11-Jun-2025 09:03:09 UTC] SELECT   QG6dosyx_posts.*
					 FROM QG6dosyx_posts 
					 WHERE 1=1  AND QG6dosyx_posts.post_type = 'acf-post-type' AND ((QG6dosyx_posts.post_status = 'publish' OR QG6dosyx_posts.post_status = 'acf-disabled'))
					 
					 ORDER BY QG6dosyx_posts.menu_order ASC, QG6dosyx_posts.post_title ASC
					 
[11-Jun-2025 09:03:09 UTC] SELECT   QG6dosyx_posts.*
					 FROM QG6dosyx_posts 
					 WHERE 1=1  AND QG6dosyx_posts.post_name = '98ffc14a-9c47-4ab6-a6d8-154270d0199c' AND QG6dosyx_posts.post_type = 'customize_changeset' AND ((QG6dosyx_posts.post_status = 'publish' OR QG6dosyx_posts.post_status = 'future' OR QG6dosyx_posts.post_status = 'draft' OR QG6dosyx_posts.post_status = 'pending' OR QG6dosyx_posts.post_status = 'trash' OR QG6dosyx_posts.post_status = 'auto-draft' OR QG6dosyx_posts.post_status = 'inherit' OR QG6dosyx_posts.post_status = 'request-pending' OR QG6dosyx_posts.post_status = 'request-confirmed' OR QG6dosyx_posts.post_status = 'request-failed' OR QG6dosyx_posts.post_status = 'request-completed' OR QG6dosyx_posts.post_status = 'private'))
					 
					 ORDER BY QG6dosyx_posts.post_date DESC
					 
[11-Jun-2025 09:03:10 UTC] SELECT   QG6dosyx_posts.*
					 FROM QG6dosyx_posts 
					 WHERE 1=1  AND QG6dosyx_posts.post_type = 'acf-taxonomy' AND ((QG6dosyx_posts.post_status = 'publish' OR QG6dosyx_posts.post_status = 'acf-disabled'))
					 
					 ORDER BY QG6dosyx_posts.menu_order ASC, QG6dosyx_posts.post_title ASC
					 
[11-Jun-2025 09:03:10 UTC] SELECT   QG6dosyx_posts.*
					 FROM QG6dosyx_posts 
					 WHERE 1=1  AND QG6dosyx_posts.post_type = 'acf-post-type' AND ((QG6dosyx_posts.post_status = 'publish' OR QG6dosyx_posts.post_status = 'acf-disabled'))
					 
					 ORDER BY QG6dosyx_posts.menu_order ASC, QG6dosyx_posts.post_title ASC
					 
[11-Jun-2025 09:03:10 UTC] SELECT   QG6dosyx_posts.*
					 FROM QG6dosyx_posts 
					 WHERE 1=1  AND QG6dosyx_posts.post_type = 'acf-taxonomy' AND ((QG6dosyx_posts.post_status = 'publish' OR QG6dosyx_posts.post_status = 'acf-disabled'))
					 
					 ORDER BY QG6dosyx_posts.menu_order ASC, QG6dosyx_posts.post_title ASC
					 
[11-Jun-2025 09:03:10 UTC] SELECT   QG6dosyx_posts.*
					 FROM QG6dosyx_posts 
					 WHERE 1=1  AND QG6dosyx_posts.post_type = 'acf-post-type' AND ((QG6dosyx_posts.post_status = 'publish' OR QG6dosyx_posts.post_status = 'acf-disabled'))
					 
					 ORDER BY QG6dosyx_posts.menu_order ASC, QG6dosyx_posts.post_title ASC
					 
[11-Jun-2025 09:03:11 UTC] SELECT   QG6dosyx_posts.*
					 FROM QG6dosyx_posts 
					 WHERE 1=1  AND QG6dosyx_posts.post_type = 'acf-taxonomy' AND ((QG6dosyx_posts.post_status = 'publish' OR QG6dosyx_posts.post_status = 'acf-disabled'))
					 
					 ORDER BY QG6dosyx_posts.menu_order ASC, QG6dosyx_posts.post_title ASC
					 
[11-Jun-2025 09:03:11 UTC] SELECT   QG6dosyx_posts.*
					 FROM QG6dosyx_posts 
					 WHERE 1=1  AND QG6dosyx_posts.post_type = 'acf-post-type' AND ((QG6dosyx_posts.post_status = 'publish' OR QG6dosyx_posts.post_status = 'acf-disabled'))
					 
					 ORDER BY QG6dosyx_posts.menu_order ASC, QG6dosyx_posts.post_title ASC
					 
[11-Jun-2025 09:03:12 UTC] SELECT   QG6dosyx_posts.*
					 FROM QG6dosyx_posts  JOIN QG6dosyx_icl_translations wpml_translations
							ON QG6dosyx_posts.ID = wpml_translations.element_id
								AND wpml_translations.element_type = CONCAT('post_', QG6dosyx_posts.post_type) 
					 WHERE 1=1  AND QG6dosyx_posts.ID NOT IN (66,68,70) AND QG6dosyx_posts.post_type = 'page' AND ((QG6dosyx_posts.post_status = 'publish' OR QG6dosyx_posts.post_status = 'draft' OR QG6dosyx_posts.post_status = 'private')) AND ( ( ( wpml_translations.language_code = 'en' OR 0 ) AND QG6dosyx_posts.post_type  IN ('post','page','attachment','wp_block','wp_template','wp_template_part','wp_navigation','home-features-banner','testimonial','product','product_variation','shop_order_placehold','sp_accordion_faqs','sp_wp_tabs','wpforms-template' )  ) OR QG6dosyx_posts.post_type  NOT  IN ('post','page','attachment','wp_block','wp_template','wp_template_part','wp_navigation','home-features-banner','testimonial','product','product_variation','shop_order_placehold','sp_accordion_faqs','sp_wp_tabs','wpforms-template' )  )
					 
					 ORDER BY QG6dosyx_posts.post_title ASC
					 
[11-Jun-2025 09:03:15 UTC] SELECT SQL_CALC_FOUND_ROWS  QG6dosyx_posts.*
					 FROM QG6dosyx_posts 
					 WHERE 1=1  AND ((QG6dosyx_posts.post_type = 'post' AND (QG6dosyx_posts.post_status = 'publish' OR QG6dosyx_posts.post_status = 'acf-disabled' 
OR QG6dosyx_posts.post_status = 'private')))
					 
					 ORDER BY QG6dosyx_posts.post_date DESC
					 LIMIT 0, 10
[11-Jun-2025 09:03:16 UTC] PHP Deprecated:  Automatic conversion of false to array is deprecated in C:\xampp\htdocs\junior-salon\wp-content\plugins\wpml-sticky-links\classes\class-wpml-sticky-links.php on line 19
[11-Jun-2025 09:03:18 UTC] PHP Deprecated:  Automatic conversion of false to array is deprecated in C:\xampp\htdocs\junior-salon\wp-content\plugins\wpml-sticky-links\classes\class-wpml-sticky-links.php on line 19
[11-Jun-2025 09:03:18 UTC] SELECT SQL_CALC_FOUND_ROWS  QG6dosyx_posts.*
					 FROM QG6dosyx_posts  LEFT JOIN QG6dosyx_term_relationships ON (QG6dosyx_posts.ID = QG6dosyx_term_relationships.object_id) JOIN QG6dosyx_icl_translations wpml_translations
							ON QG6dosyx_posts.ID = wpml_translations.element_id
								AND wpml_translations.element_type = CONCAT('post_', QG6dosyx_posts.post_type) 
					 WHERE 1=1  AND ( 
  QG6dosyx_term_relationships.term_taxonomy_id IN (49)
) AND QG6dosyx_posts.post_type = 'product' AND ((QG6dosyx_posts.post_status = 'publish')) AND ( ( ( wpml_translations.language_code = 'en' OR 0 ) AND QG6dosyx_posts.post_type  IN ('post','page','attachment','wp_block','wp_template','wp_template_part','wp_navigation','home-features-banner','testimonial','product','product_variation','shop_order_placehold','sp_accordion_faqs','sp_wp_tabs','wpforms-template' )  ) OR QG6dosyx_posts.post_type  NOT  IN ('post','page','attachment','wp_block','wp_template','wp_template_part','wp_navigation','home-features-banner','testimonial','product','product_variation','shop_order_placehold','sp_accordion_faqs','sp_wp_tabs','wpforms-template' )  )
					 GROUP BY QG6dosyx_posts.ID
					 ORDER BY QG6dosyx_posts.post_date DESC
					 LIMIT 0, 10
[11-Jun-2025 09:03:19 UTC] PHP Deprecated:  Automatic conversion of false to array is deprecated in C:\xampp\htdocs\junior-salon\wp-content\plugins\wpml-sticky-links\classes\class-wpml-sticky-links.php on line 19
[11-Jun-2025 09:03:19 UTC] SELECT SQL_CALC_FOUND_ROWS  QG6dosyx_posts.*
					 FROM QG6dosyx_posts  LEFT JOIN QG6dosyx_term_relationships ON (QG6dosyx_posts.ID = QG6dosyx_term_relationships.object_id) JOIN QG6dosyx_icl_translations wpml_translations
							ON QG6dosyx_posts.ID = wpml_translations.element_id
								AND wpml_translations.element_type = CONCAT('post_', QG6dosyx_posts.post_type) 
					 WHERE 1=1  AND ( 
  QG6dosyx_term_relationships.term_taxonomy_id IN (47)
) AND ((QG6dosyx_posts.post_type = 'product' AND (QG6dosyx_posts.post_status = 'publish' OR QG6dosyx_posts.post_status = 'acf-disabled' 
OR QG6dosyx_posts.post_status = 'private'))) AND ( ( ( wpml_translations.language_code = 'en' OR 0 ) AND QG6dosyx_posts.post_type  IN ('post','page','attachment','wp_block','wp_template','wp_template_part','wp_navigation','home-features-banner','testimonial','product','product_variation','shop_order_placehold','sp_accordion_faqs','sp_wp_tabs','wpforms-template' )  ) OR QG6dosyx_posts.post_type  NOT  IN ('post','page','attachment','wp_block','wp_template','wp_template_part','wp_navigation','home-features-banner','testimonial','product','product_variation','shop_order_placehold','sp_accordion_faqs','sp_wp_tabs','wpforms-template' )  )
					 GROUP BY QG6dosyx_posts.ID
					 ORDER BY QG6dosyx_posts.post_date DESC
					 LIMIT 0, 10
[11-Jun-2025 09:03:21 UTC] SELECT   QG6dosyx_posts.*
					 FROM QG6dosyx_posts 
					 WHERE 1=1  AND QG6dosyx_posts.post_type = 'acf-field' AND ((QG6dosyx_posts.post_status = 'publish')) AND QG6dosyx_posts.post_name = 'field_680f215789581'
					 
					 ORDER BY QG6dosyx_posts.menu_order ASC, QG6dosyx_posts.post_title ASC
					 LIMIT 0, 1
[11-Jun-2025 09:03:21 UTC] SELECT SQL_CALC_FOUND_ROWS  QG6dosyx_posts.*
					 FROM QG6dosyx_posts  JOIN QG6dosyx_icl_translations wpml_translations
							ON QG6dosyx_posts.ID = wpml_translations.element_id
								AND wpml_translations.element_type = CONCAT('post_', QG6dosyx_posts.post_type) 
					 WHERE 1=1  AND ((QG6dosyx_posts.post_type = 'home-features-banner' AND (QG6dosyx_posts.post_status = 'publish' OR QG6dosyx_posts.post_status = 'acf-disabled' 
OR QG6dosyx_posts.post_status = 'private'))) AND ( ( ( wpml_translations.language_code = 'en' OR 0 ) AND QG6dosyx_posts.post_type  IN ('post','page','attachment','wp_block','wp_template','wp_template_part','wp_navigation','home-features-banner','testimonial','product','product_variation','shop_order_placehold','sp_accordion_faqs','sp_wp_tabs','wpforms-template' )  ) OR QG6dosyx_posts.post_type  NOT  IN ('post','page','attachment','wp_block','wp_template','wp_template_part','wp_navigation','home-features-banner','testimonial','product','product_variation','shop_order_placehold','sp_accordion_faqs','sp_wp_tabs','wpforms-template' )  )
					 
					 ORDER BY QG6dosyx_posts.post_date DESC
					 LIMIT 0, 6
[11-Jun-2025 09:03:21 UTC] SELECT SQL_CALC_FOUND_ROWS  QG6dosyx_posts.*
					 FROM QG6dosyx_posts  JOIN QG6dosyx_icl_translations wpml_translations
							ON QG6dosyx_posts.ID = wpml_translations.element_id
								AND wpml_translations.element_type = CONCAT('post_', QG6dosyx_posts.post_type) 
					 WHERE 1=1  AND ((QG6dosyx_posts.post_type = 'testimonial' AND (QG6dosyx_posts.post_status = 'publish' OR QG6dosyx_posts.post_status = 'acf-disabled' 
OR QG6dosyx_posts.post_status = 'private'))) AND ( ( ( wpml_translations.language_code = 'en' OR 0 ) AND QG6dosyx_posts.post_type  IN ('post','page','attachment','wp_block','wp_template','wp_template_part','wp_navigation','home-features-banner','testimonial','product','product_variation','shop_order_placehold','sp_accordion_faqs','sp_wp_tabs','wpforms-template' )  ) OR QG6dosyx_posts.post_type  NOT  IN ('post','page','attachment','wp_block','wp_template','wp_template_part','wp_navigation','home-features-banner','testimonial','product','product_variation','shop_order_placehold','sp_accordion_faqs','sp_wp_tabs','wpforms-template' )  )
					 
					 ORDER BY QG6dosyx_posts.post_date DESC
					 LIMIT 0, 3
[11-Jun-2025 09:03:21 UTC] SELECT   QG6dosyx_posts.*
					 FROM QG6dosyx_posts 
					 WHERE 1=1  AND QG6dosyx_posts.post_type = 'acf-field' AND ((QG6dosyx_posts.post_status = 'publish')) AND QG6dosyx_posts.post_name = 'field_680a1f8732ede'
					 
					 ORDER BY QG6dosyx_posts.menu_order ASC, QG6dosyx_posts.post_title ASC
					 LIMIT 0, 1
[11-Jun-2025 09:03:22 UTC] SELECT   QG6dosyx_posts.*
					 FROM QG6dosyx_posts  JOIN QG6dosyx_icl_translations wpml_translations
							ON QG6dosyx_posts.ID = wpml_translations.element_id
								AND wpml_translations.element_type = CONCAT('post_', QG6dosyx_posts.post_type) 
					 WHERE 1=1  AND QG6dosyx_posts.post_type = 'page' AND ((QG6dosyx_posts.post_status = 'publish')) AND ( ( ( wpml_translations.language_code = 'en' OR 0 ) AND QG6dosyx_posts.post_type  IN ('post','page','attachment','wp_block','wp_template','wp_template_part','wp_navigation','home-features-banner','testimonial','product','product_variation','shop_order_placehold','sp_accordion_faqs','sp_wp_tabs','wpforms-template' )  ) OR QG6dosyx_posts.post_type  NOT  IN ('post','page','attachment','wp_block','wp_template','wp_template_part','wp_navigation','home-features-banner','testimonial','product','product_variation','shop_order_placehold','sp_accordion_faqs','sp_wp_tabs','wpforms-template' )  )
					 
					 ORDER BY QG6dosyx_posts.post_title ASC
					 LIMIT 0, 1
[11-Jun-2025 09:03:22 UTC] PHP Warning:  Undefined variable $start in C:\xampp\htdocs\junior-salon\wp-content\themes\junior-salon\layouts\footer.php on line 165
[11-Jun-2025 09:03:22 UTC] PHP Deprecated:  Automatic conversion of false to array is deprecated in C:\xampp\htdocs\junior-salon\wp-content\plugins\wpml-sticky-links\classes\class-wpml-sticky-links.php on line 19
[11-Jun-2025 09:03:23 UTC] SELECT   QG6dosyx_posts.*
					 FROM QG6dosyx_posts 
					 WHERE 1=1  AND QG6dosyx_posts.post_type = 'acf-taxonomy' AND ((QG6dosyx_posts.post_status = 'publish' OR QG6dosyx_posts.post_status = 'acf-disabled'))
					 
					 ORDER BY QG6dosyx_posts.menu_order ASC, QG6dosyx_posts.post_title ASC
					 
[11-Jun-2025 09:03:23 UTC] SELECT   QG6dosyx_posts.*
					 FROM QG6dosyx_posts 
					 WHERE 1=1  AND QG6dosyx_posts.post_type = 'acf-post-type' AND ((QG6dosyx_posts.post_status = 'publish' OR QG6dosyx_posts.post_status = 'acf-disabled'))
					 
					 ORDER BY QG6dosyx_posts.menu_order ASC, QG6dosyx_posts.post_title ASC
					 
[11-Jun-2025 09:03:23 UTC] PHP Deprecated:  Automatic conversion of false to array is deprecated in C:\xampp\htdocs\junior-salon\wp-content\plugins\wpml-sticky-links\classes\class-wpml-sticky-links.php on line 19
[11-Jun-2025 09:03:24 UTC] SELECT   QG6dosyx_posts.*
					 FROM QG6dosyx_posts 
					 WHERE 1=1  AND QG6dosyx_posts.post_type = 'acf-taxonomy' AND ((QG6dosyx_posts.post_status = 'publish' OR QG6dosyx_posts.post_status = 'acf-disabled'))
					 
					 ORDER BY QG6dosyx_posts.menu_order ASC, QG6dosyx_posts.post_title ASC
					 
[11-Jun-2025 09:03:24 UTC] SELECT   QG6dosyx_posts.*
					 FROM QG6dosyx_posts 
					 WHERE 1=1  AND QG6dosyx_posts.post_type = 'acf-post-type' AND ((QG6dosyx_posts.post_status = 'publish' OR QG6dosyx_posts.post_status = 'acf-disabled'))
					 
					 ORDER BY QG6dosyx_posts.menu_order ASC, QG6dosyx_posts.post_title ASC
					 
[11-Jun-2025 09:03:25 UTC] SELECT   QG6dosyx_posts.*
					 FROM QG6dosyx_posts 
					 WHERE 1=1  AND QG6dosyx_posts.post_type = 'acf-taxonomy' AND ((QG6dosyx_posts.post_status = 'publish' OR QG6dosyx_posts.post_status = 'acf-disabled'))
					 
					 ORDER BY QG6dosyx_posts.menu_order ASC, QG6dosyx_posts.post_title ASC
					 
[11-Jun-2025 09:03:25 UTC] SELECT   QG6dosyx_posts.*
					 FROM QG6dosyx_posts 
					 WHERE 1=1  AND QG6dosyx_posts.post_type = 'acf-post-type' AND ((QG6dosyx_posts.post_status = 'publish' OR QG6dosyx_posts.post_status = 'acf-disabled'))
					 
					 ORDER BY QG6dosyx_posts.menu_order ASC, QG6dosyx_posts.post_title ASC
					 
[11-Jun-2025 09:03:26 UTC] PHP Fatal error:  Uncaught RuntimeException: Unable to release actions from claim id 0. in C:\xampp\htdocs\junior-salon\wp-content\plugins\woocommerce\packages\action-scheduler\classes\data-stores\ActionScheduler_DBStore.php:1128
Stack trace:
#0 C:\xampp\htdocs\junior-salon\wp-content\plugins\woocommerce\packages\action-scheduler\classes\data-stores\ActionScheduler_HybridStore.php(440): ActionScheduler_DBStore->release_claim(Object(ActionScheduler_ActionClaim))
#1 C:\xampp\htdocs\junior-salon\wp-content\plugins\woocommerce\packages\action-scheduler\classes\ActionScheduler_QueueRunner.php(195): ActionScheduler_HybridStore->release_claim(Object(ActionScheduler_ActionClaim))
#2 C:\xampp\htdocs\junior-salon\wp-content\plugins\woocommerce\packages\action-scheduler\classes\ActionScheduler_QueueRunner.php(158): ActionScheduler_QueueRunner->do_batch(25, 'WP Cron')
#3 C:\xampp\htdocs\junior-salon\wp-includes\class-wp-hook.php(324): ActionScheduler_QueueRunner->run('WP Cron')
#4 C:\xampp\htdocs\junior-salon\wp-includes\class-wp-hook.php(348): WP_Hook->apply_filters('', Array)
#5 C:\xampp\htdocs\junior-salon\wp-includes\plugin.php(565): WP_Hook->do_action(Array)
#6 C:\xampp\htdocs\junior-salon\wp-cron.php(191): do_action_ref_array('action_schedule...', Array)
#7 {main}
  thrown in C:\xampp\htdocs\junior-salon\wp-content\plugins\woocommerce\packages\action-scheduler\classes\data-stores\ActionScheduler_DBStore.php on line 1128
[11-Jun-2025 09:03:26 UTC] PHP Fatal error:  Uncaught RuntimeException: Unable to release actions from claim id 0. in C:\xampp\htdocs\junior-salon\wp-content\plugins\woocommerce\packages\action-scheduler\classes\data-stores\ActionScheduler_DBStore.php:1128
Stack trace:
#0 C:\xampp\htdocs\junior-salon\wp-content\plugins\woocommerce\packages\action-scheduler\classes\data-stores\ActionScheduler_HybridStore.php(440): ActionScheduler_DBStore->release_claim(Object(ActionScheduler_ActionClaim))
#1 C:\xampp\htdocs\junior-salon\wp-content\plugins\woocommerce\packages\action-scheduler\classes\ActionScheduler_FatalErrorMonitor.php(95): ActionScheduler_HybridStore->release_claim(Object(ActionScheduler_ActionClaim))
#2 C:\xampp\htdocs\junior-salon\wp-includes\class-wp-hook.php(324): ActionScheduler_FatalErrorMonitor->handle_unexpected_shutdown('')
#3 C:\xampp\htdocs\junior-salon\wp-includes\class-wp-hook.php(348): WP_Hook->apply_filters(NULL, Array)
#4 C:\xampp\htdocs\junior-salon\wp-includes\plugin.php(517): WP_Hook->do_action(Array)
#5 C:\xampp\htdocs\junior-salon\wp-includes\load.php(1304): do_action('shutdown')
#6 [internal function]: shutdown_action_hook()
#7 {main}
  thrown in C:\xampp\htdocs\junior-salon\wp-content\plugins\woocommerce\packages\action-scheduler\classes\data-stores\ActionScheduler_DBStore.php on line 1128
[11-Jun-2025 09:03:27 UTC] SELECT   QG6dosyx_posts.*
					 FROM QG6dosyx_posts 
					 WHERE 1=1  AND QG6dosyx_posts.post_type = 'acf-taxonomy' AND ((QG6dosyx_posts.post_status = 'publish' OR QG6dosyx_posts.post_status = 'acf-disabled'))
					 
					 ORDER BY QG6dosyx_posts.menu_order ASC, QG6dosyx_posts.post_title ASC
					 
[11-Jun-2025 09:03:27 UTC] SELECT   QG6dosyx_posts.*
					 FROM QG6dosyx_posts 
					 WHERE 1=1  AND QG6dosyx_posts.post_type = 'acf-post-type' AND ((QG6dosyx_posts.post_status = 'publish' OR QG6dosyx_posts.post_status = 'acf-disabled'))
					 
					 ORDER BY QG6dosyx_posts.menu_order ASC, QG6dosyx_posts.post_title ASC
					 
[11-Jun-2025 09:03:28 UTC] PHP Fatal error:  Uncaught RuntimeException: Unable to release actions from claim id 0. in C:\xampp\htdocs\junior-salon\wp-content\plugins\woocommerce\packages\action-scheduler\classes\data-stores\ActionScheduler_DBStore.php:1128
Stack trace:
#0 C:\xampp\htdocs\junior-salon\wp-content\plugins\woocommerce\packages\action-scheduler\classes\data-stores\ActionScheduler_HybridStore.php(440): ActionScheduler_DBStore->release_claim(Object(ActionScheduler_ActionClaim))
#1 C:\xampp\htdocs\junior-salon\wp-content\plugins\woocommerce\packages\action-scheduler\classes\ActionScheduler_QueueRunner.php(195): ActionScheduler_HybridStore->release_claim(Object(ActionScheduler_ActionClaim))
#2 C:\xampp\htdocs\junior-salon\wp-content\plugins\woocommerce\packages\action-scheduler\classes\ActionScheduler_QueueRunner.php(158): ActionScheduler_QueueRunner->do_batch(25, 'WP Cron')
#3 C:\xampp\htdocs\junior-salon\wp-includes\class-wp-hook.php(324): ActionScheduler_QueueRunner->run('WP Cron')
#4 C:\xampp\htdocs\junior-salon\wp-includes\class-wp-hook.php(348): WP_Hook->apply_filters('', Array)
#5 C:\xampp\htdocs\junior-salon\wp-includes\plugin.php(565): WP_Hook->do_action(Array)
#6 C:\xampp\htdocs\junior-salon\wp-cron.php(191): do_action_ref_array('action_schedule...', Array)
#7 {main}
  thrown in C:\xampp\htdocs\junior-salon\wp-content\plugins\woocommerce\packages\action-scheduler\classes\data-stores\ActionScheduler_DBStore.php on line 1128
[11-Jun-2025 09:03:28 UTC] PHP Fatal error:  Uncaught RuntimeException: Unable to release actions from claim id 0. in C:\xampp\htdocs\junior-salon\wp-content\plugins\woocommerce\packages\action-scheduler\classes\data-stores\ActionScheduler_DBStore.php:1128
Stack trace:
#0 C:\xampp\htdocs\junior-salon\wp-content\plugins\woocommerce\packages\action-scheduler\classes\data-stores\ActionScheduler_HybridStore.php(440): ActionScheduler_DBStore->release_claim(Object(ActionScheduler_ActionClaim))
#1 C:\xampp\htdocs\junior-salon\wp-content\plugins\woocommerce\packages\action-scheduler\classes\ActionScheduler_FatalErrorMonitor.php(95): ActionScheduler_HybridStore->release_claim(Object(ActionScheduler_ActionClaim))
#2 C:\xampp\htdocs\junior-salon\wp-includes\class-wp-hook.php(324): ActionScheduler_FatalErrorMonitor->handle_unexpected_shutdown('')
#3 C:\xampp\htdocs\junior-salon\wp-includes\class-wp-hook.php(348): WP_Hook->apply_filters(NULL, Array)
#4 C:\xampp\htdocs\junior-salon\wp-includes\plugin.php(517): WP_Hook->do_action(Array)
#5 C:\xampp\htdocs\junior-salon\wp-includes\load.php(1304): do_action('shutdown')
#6 [internal function]: shutdown_action_hook()
#7 {main}
  thrown in C:\xampp\htdocs\junior-salon\wp-content\plugins\woocommerce\packages\action-scheduler\classes\data-stores\ActionScheduler_DBStore.php on line 1128
[11-Jun-2025 09:03:28 UTC] SELECT   QG6dosyx_posts.*
					 FROM QG6dosyx_posts 
					 WHERE 1=1  AND QG6dosyx_posts.post_type = 'acf-taxonomy' AND ((QG6dosyx_posts.post_status = 'publish' OR QG6dosyx_posts.post_status = 'acf-disabled'))
					 
					 ORDER BY QG6dosyx_posts.menu_order ASC, QG6dosyx_posts.post_title ASC
					 
[11-Jun-2025 09:03:28 UTC] SELECT   QG6dosyx_posts.*
					 FROM QG6dosyx_posts 
					 WHERE 1=1  AND QG6dosyx_posts.post_type = 'acf-post-type' AND ((QG6dosyx_posts.post_status = 'publish' OR QG6dosyx_posts.post_status = 'acf-disabled'))
					 
					 ORDER BY QG6dosyx_posts.menu_order ASC, QG6dosyx_posts.post_title ASC
					 
[11-Jun-2025 09:03:30 UTC] PHP Fatal error:  Uncaught RuntimeException: Unable to release actions from claim id 0. in C:\xampp\htdocs\junior-salon\wp-content\plugins\woocommerce\packages\action-scheduler\classes\data-stores\ActionScheduler_DBStore.php:1128
Stack trace:
#0 C:\xampp\htdocs\junior-salon\wp-content\plugins\woocommerce\packages\action-scheduler\classes\data-stores\ActionScheduler_HybridStore.php(440): ActionScheduler_DBStore->release_claim(Object(ActionScheduler_ActionClaim))
#1 C:\xampp\htdocs\junior-salon\wp-content\plugins\woocommerce\packages\action-scheduler\classes\ActionScheduler_QueueRunner.php(195): ActionScheduler_HybridStore->release_claim(Object(ActionScheduler_ActionClaim))
#2 C:\xampp\htdocs\junior-salon\wp-content\plugins\woocommerce\packages\action-scheduler\classes\ActionScheduler_QueueRunner.php(158): ActionScheduler_QueueRunner->do_batch(25, 'WP Cron')
#3 C:\xampp\htdocs\junior-salon\wp-includes\class-wp-hook.php(324): ActionScheduler_QueueRunner->run('WP Cron')
#4 C:\xampp\htdocs\junior-salon\wp-includes\class-wp-hook.php(348): WP_Hook->apply_filters('', Array)
#5 C:\xampp\htdocs\junior-salon\wp-includes\plugin.php(565): WP_Hook->do_action(Array)
#6 C:\xampp\htdocs\junior-salon\wp-cron.php(191): do_action_ref_array('action_schedule...', Array)
#7 {main}
  thrown in C:\xampp\htdocs\junior-salon\wp-content\plugins\woocommerce\packages\action-scheduler\classes\data-stores\ActionScheduler_DBStore.php on line 1128
[11-Jun-2025 09:03:30 UTC] PHP Fatal error:  Uncaught RuntimeException: Unable to release actions from claim id 0. in C:\xampp\htdocs\junior-salon\wp-content\plugins\woocommerce\packages\action-scheduler\classes\data-stores\ActionScheduler_DBStore.php:1128
Stack trace:
#0 C:\xampp\htdocs\junior-salon\wp-content\plugins\woocommerce\packages\action-scheduler\classes\data-stores\ActionScheduler_HybridStore.php(440): ActionScheduler_DBStore->release_claim(Object(ActionScheduler_ActionClaim))
#1 C:\xampp\htdocs\junior-salon\wp-content\plugins\woocommerce\packages\action-scheduler\classes\ActionScheduler_FatalErrorMonitor.php(95): ActionScheduler_HybridStore->release_claim(Object(ActionScheduler_ActionClaim))
#2 C:\xampp\htdocs\junior-salon\wp-includes\class-wp-hook.php(324): ActionScheduler_FatalErrorMonitor->handle_unexpected_shutdown('')
#3 C:\xampp\htdocs\junior-salon\wp-includes\class-wp-hook.php(348): WP_Hook->apply_filters(NULL, Array)
#4 C:\xampp\htdocs\junior-salon\wp-includes\plugin.php(517): WP_Hook->do_action(Array)
#5 C:\xampp\htdocs\junior-salon\wp-includes\load.php(1304): do_action('shutdown')
#6 [internal function]: shutdown_action_hook()
#7 {main}
  thrown in C:\xampp\htdocs\junior-salon\wp-content\plugins\woocommerce\packages\action-scheduler\classes\data-stores\ActionScheduler_DBStore.php on line 1128
[11-Jun-2025 09:03:30 UTC] SELECT SQL_CALC_FOUND_ROWS  QG6dosyx_posts.*
					 FROM QG6dosyx_posts 
					 WHERE 1=1  AND ((QG6dosyx_posts.post_type = 'post' AND (QG6dosyx_posts.post_status = 'publish' OR QG6dosyx_posts.post_status = 'acf-disabled' 
OR QG6dosyx_posts.post_status = 'private')))
					 
					 ORDER BY QG6dosyx_posts.post_date DESC
					 LIMIT 0, 10
[11-Jun-2025 09:03:37 UTC] PHP Deprecated:  Automatic conversion of false to array is deprecated in C:\xampp\htdocs\junior-salon\wp-content\plugins\wpml-sticky-links\classes\class-wpml-sticky-links.php on line 19
[11-Jun-2025 09:03:38 UTC] PHP Deprecated:  Automatic conversion of false to array is deprecated in C:\xampp\htdocs\junior-salon\wp-content\plugins\wpml-sticky-links\classes\class-wpml-sticky-links.php on line 19
[11-Jun-2025 09:03:40 UTC] SELECT   QG6dosyx_posts.*
					 FROM QG6dosyx_posts 
					 WHERE 1=1  AND QG6dosyx_posts.post_type = 'acf-taxonomy' AND ((QG6dosyx_posts.post_status = 'publish' OR QG6dosyx_posts.post_status = 'acf-disabled'))
					 
					 ORDER BY QG6dosyx_posts.menu_order ASC, QG6dosyx_posts.post_title ASC
					 
[11-Jun-2025 09:03:40 UTC] SELECT   QG6dosyx_posts.*
					 FROM QG6dosyx_posts 
					 WHERE 1=1  AND QG6dosyx_posts.post_type = 'acf-post-type' AND ((QG6dosyx_posts.post_status = 'publish' OR QG6dosyx_posts.post_status = 'acf-disabled'))
					 
					 ORDER BY QG6dosyx_posts.menu_order ASC, QG6dosyx_posts.post_title ASC
					 
[11-Jun-2025 09:03:41 UTC] SELECT   QG6dosyx_posts.*
					 FROM QG6dosyx_posts 
					 WHERE 1=1  AND QG6dosyx_posts.post_name = '98ffc14a-9c47-4ab6-a6d8-154270d0199c' AND QG6dosyx_posts.post_type = 'customize_changeset' AND ((QG6dosyx_posts.post_status = 'publish' OR QG6dosyx_posts.post_status = 'future' OR QG6dosyx_posts.post_status = 'draft' OR QG6dosyx_posts.post_status = 'pending' OR QG6dosyx_posts.post_status = 'trash' OR QG6dosyx_posts.post_status = 'auto-draft' OR QG6dosyx_posts.post_status = 'inherit' OR QG6dosyx_posts.post_status = 'request-pending' OR QG6dosyx_posts.post_status = 'request-confirmed' OR QG6dosyx_posts.post_status = 'request-failed' OR QG6dosyx_posts.post_status = 'request-completed' OR QG6dosyx_posts.post_status = 'private'))
					 
					 ORDER BY QG6dosyx_posts.post_date DESC
					 
[11-Jun-2025 09:03:41 UTC] SELECT   QG6dosyx_posts.*
					 FROM QG6dosyx_posts 
					 WHERE 1=1  AND QG6dosyx_posts.post_type = 'acf-taxonomy' AND ((QG6dosyx_posts.post_status = 'publish' OR QG6dosyx_posts.post_status = 'acf-disabled'))
					 
					 ORDER BY QG6dosyx_posts.menu_order ASC, QG6dosyx_posts.post_title ASC
					 
[11-Jun-2025 09:03:41 UTC] SELECT   QG6dosyx_posts.*
					 FROM QG6dosyx_posts 
					 WHERE 1=1  AND QG6dosyx_posts.post_type = 'acf-post-type' AND ((QG6dosyx_posts.post_status = 'publish' OR QG6dosyx_posts.post_status = 'acf-disabled'))
					 
					 ORDER BY QG6dosyx_posts.menu_order ASC, QG6dosyx_posts.post_title ASC
					 
[11-Jun-2025 09:03:42 UTC] SELECT   QG6dosyx_posts.*
					 FROM QG6dosyx_posts  JOIN QG6dosyx_icl_translations wpml_translations
							ON QG6dosyx_posts.ID = wpml_translations.element_id
								AND wpml_translations.element_type = CONCAT('post_', QG6dosyx_posts.post_type) 
					 WHERE 1=1  AND QG6dosyx_posts.ID NOT IN (66,68,70) AND QG6dosyx_posts.post_type = 'page' AND ((QG6dosyx_posts.post_status = 'publish' OR QG6dosyx_posts.post_status = 'draft' OR QG6dosyx_posts.post_status = 'private')) AND ( ( ( wpml_translations.language_code = 'en' OR 0 ) AND QG6dosyx_posts.post_type  IN ('post','page','attachment','wp_block','wp_template','wp_template_part','wp_navigation','home-features-banner','testimonial','product','product_variation','shop_order_placehold','sp_accordion_faqs','sp_wp_tabs','wpforms-template' )  ) OR QG6dosyx_posts.post_type  NOT  IN ('post','page','attachment','wp_block','wp_template','wp_template_part','wp_navigation','home-features-banner','testimonial','product','product_variation','shop_order_placehold','sp_accordion_faqs','sp_wp_tabs','wpforms-template' )  )
					 
					 ORDER BY QG6dosyx_posts.post_title ASC
					 
[11-Jun-2025 09:03:43 UTC] SELECT SQL_CALC_FOUND_ROWS  QG6dosyx_posts.*
					 FROM QG6dosyx_posts 
					 WHERE 1=1  AND ((QG6dosyx_posts.post_type = 'post' AND (QG6dosyx_posts.post_status = 'publish' OR QG6dosyx_posts.post_status = 'acf-disabled' 
OR QG6dosyx_posts.post_status = 'private')))
					 
					 ORDER BY QG6dosyx_posts.post_date DESC
					 LIMIT 0, 10
[11-Jun-2025 09:04:04 UTC] PHP Deprecated:  Automatic conversion of false to array is deprecated in C:\xampp\htdocs\junior-salon\wp-content\plugins\wpml-sticky-links\classes\class-wpml-sticky-links.php on line 19
[11-Jun-2025 09:04:06 UTC] SELECT   QG6dosyx_posts.*
					 FROM QG6dosyx_posts 
					 WHERE 1=1  AND QG6dosyx_posts.post_name = '58d01e73-dc0d-43a1-a194-3c6d8cb80ad7' AND QG6dosyx_posts.post_type = 'customize_changeset' AND ((QG6dosyx_posts.post_status = 'publish' OR QG6dosyx_posts.post_status = 'future' OR QG6dosyx_posts.post_status = 'draft' OR QG6dosyx_posts.post_status = 'pending' OR QG6dosyx_posts.post_status = 'trash' OR QG6dosyx_posts.post_status = 'auto-draft' OR QG6dosyx_posts.post_status = 'inherit' OR QG6dosyx_posts.post_status = 'request-pending' OR QG6dosyx_posts.post_status = 'request-confirmed' OR QG6dosyx_posts.post_status = 'request-failed' OR QG6dosyx_posts.post_status = 'request-completed' OR QG6dosyx_posts.post_status = 'private'))
					 
					 ORDER BY QG6dosyx_posts.post_date DESC
					 
[11-Jun-2025 09:04:06 UTC] SELECT   QG6dosyx_posts.*
					 FROM QG6dosyx_posts 
					 WHERE 1=1  AND QG6dosyx_posts.post_type = 'acf-taxonomy' AND ((QG6dosyx_posts.post_status = 'publish' OR QG6dosyx_posts.post_status = 'acf-disabled'))
					 
					 ORDER BY QG6dosyx_posts.menu_order ASC, QG6dosyx_posts.post_title ASC
					 
[11-Jun-2025 09:04:06 UTC] SELECT   QG6dosyx_posts.*
					 FROM QG6dosyx_posts 
					 WHERE 1=1  AND QG6dosyx_posts.post_type = 'acf-post-type' AND ((QG6dosyx_posts.post_status = 'publish' OR QG6dosyx_posts.post_status = 'acf-disabled'))
					 
					 ORDER BY QG6dosyx_posts.menu_order ASC, QG6dosyx_posts.post_title ASC
					 
[11-Jun-2025 09:04:07 UTC] SELECT   QG6dosyx_posts.*
					 FROM QG6dosyx_posts  JOIN QG6dosyx_icl_translations wpml_translations
							ON QG6dosyx_posts.ID = wpml_translations.element_id
								AND wpml_translations.element_type = CONCAT('post_', QG6dosyx_posts.post_type) 
					 WHERE 1=1  AND QG6dosyx_posts.ID NOT IN (66,68,70) AND QG6dosyx_posts.post_type = 'page' AND ((QG6dosyx_posts.post_status = 'publish' OR QG6dosyx_posts.post_status = 'draft' OR QG6dosyx_posts.post_status = 'private')) AND ( ( ( wpml_translations.language_code = 'en' OR 0 ) AND QG6dosyx_posts.post_type  IN ('post','page','attachment','wp_block','wp_template','wp_template_part','wp_navigation','home-features-banner','testimonial','product','product_variation','shop_order_placehold','sp_accordion_faqs','sp_wp_tabs' )  ) OR QG6dosyx_posts.post_type  NOT  IN ('post','page','attachment','wp_block','wp_template','wp_template_part','wp_navigation','home-features-banner','testimonial','product','product_variation','shop_order_placehold','sp_accordion_faqs','sp_wp_tabs' )  )
					 
					 ORDER BY QG6dosyx_posts.post_title ASC
					 
[11-Jun-2025 09:04:08 UTC] SELECT   QG6dosyx_posts.*
					 FROM QG6dosyx_posts 
					 WHERE 1=1  AND QG6dosyx_posts.post_name = '98ffc14a-9c47-4ab6-a6d8-154270d0199c' AND QG6dosyx_posts.post_type = 'customize_changeset' AND ((QG6dosyx_posts.post_status = 'publish' OR QG6dosyx_posts.post_status = 'future' OR QG6dosyx_posts.post_status = 'draft' OR QG6dosyx_posts.post_status = 'pending' OR QG6dosyx_posts.post_status = 'trash' OR QG6dosyx_posts.post_status = 'auto-draft' OR QG6dosyx_posts.post_status = 'inherit' OR QG6dosyx_posts.post_status = 'request-pending' OR QG6dosyx_posts.post_status = 'request-confirmed' OR QG6dosyx_posts.post_status = 'request-failed' OR QG6dosyx_posts.post_status = 'request-completed' OR QG6dosyx_posts.post_status = 'in-progress' OR QG6dosyx_posts.post_status = 'failed' OR QG6dosyx_posts.post_status = 'acf-disabled' OR QG6dosyx_posts.post_status = 'wc-pending' OR QG6dosyx_posts.post_status = 'wc-processing' OR QG6dosyx_posts.post_status = 'wc-on-hold' OR QG6dosyx_posts.post_status = 'wc-completed' OR QG6dosyx_posts.post_status = 'wc-cancelled' OR QG6dosyx_posts.post_status = 'wc-refunded' OR QG6dosyx_posts.post_status = 'wc-failed' OR QG6dosyx_posts.post_status = 'wc-checkout-draft' OR QG6dosyx_posts.post_status = 'hidden' OR QG6dosyx_posts.post_status = 'private'))
					 
					 ORDER BY QG6dosyx_posts.post_date DESC
					 
[11-Jun-2025 09:04:10 UTC] PHP Deprecated:  Automatic conversion of false to array is deprecated in C:\xampp\htdocs\junior-salon\wp-content\plugins\wpml-sticky-links\classes\class-wpml-sticky-links.php on line 19
[11-Jun-2025 09:04:13 UTC] SELECT   QG6dosyx_posts.*
					 FROM QG6dosyx_posts 
					 WHERE 1=1  AND QG6dosyx_posts.post_type = 'acf-taxonomy' AND ((QG6dosyx_posts.post_status = 'publish' OR QG6dosyx_posts.post_status = 'acf-disabled'))
					 
					 ORDER BY QG6dosyx_posts.menu_order ASC, QG6dosyx_posts.post_title ASC
					 
[11-Jun-2025 09:04:13 UTC] SELECT   QG6dosyx_posts.*
					 FROM QG6dosyx_posts 
					 WHERE 1=1  AND QG6dosyx_posts.post_type = 'acf-post-type' AND ((QG6dosyx_posts.post_status = 'publish' OR QG6dosyx_posts.post_status = 'acf-disabled'))
					 
					 ORDER BY QG6dosyx_posts.menu_order ASC, QG6dosyx_posts.post_title ASC
					 
[11-Jun-2025 09:04:18 UTC] PHP Deprecated:  Automatic conversion of false to array is deprecated in C:\xampp\htdocs\junior-salon\wp-content\plugins\wpml-sticky-links\classes\class-wpml-sticky-links.php on line 19
[11-Jun-2025 09:04:20 UTC] SELECT   QG6dosyx_posts.*
					 FROM QG6dosyx_posts 
					 WHERE 1=1  AND QG6dosyx_posts.post_type = 'acf-taxonomy' AND ((QG6dosyx_posts.post_status = 'publish' OR QG6dosyx_posts.post_status = 'acf-disabled'))
					 
					 ORDER BY QG6dosyx_posts.menu_order ASC, QG6dosyx_posts.post_title ASC
					 
[11-Jun-2025 09:04:20 UTC] SELECT   QG6dosyx_posts.*
					 FROM QG6dosyx_posts 
					 WHERE 1=1  AND QG6dosyx_posts.post_type = 'acf-post-type' AND ((QG6dosyx_posts.post_status = 'publish' OR QG6dosyx_posts.post_status = 'acf-disabled'))
					 
					 ORDER BY QG6dosyx_posts.menu_order ASC, QG6dosyx_posts.post_title ASC
					 
[11-Jun-2025 09:04:22 UTC] PHP Fatal error:  Uncaught RuntimeException: Unable to release actions from claim id 0. in C:\xampp\htdocs\junior-salon\wp-content\plugins\woocommerce\packages\action-scheduler\classes\data-stores\ActionScheduler_DBStore.php:1128
Stack trace:
#0 C:\xampp\htdocs\junior-salon\wp-content\plugins\woocommerce\packages\action-scheduler\classes\data-stores\ActionScheduler_HybridStore.php(440): ActionScheduler_DBStore->release_claim(Object(ActionScheduler_ActionClaim))
#1 C:\xampp\htdocs\junior-salon\wp-content\plugins\woocommerce\packages\action-scheduler\classes\ActionScheduler_QueueRunner.php(195): ActionScheduler_HybridStore->release_claim(Object(ActionScheduler_ActionClaim))
#2 C:\xampp\htdocs\junior-salon\wp-content\plugins\woocommerce\packages\action-scheduler\classes\ActionScheduler_QueueRunner.php(158): ActionScheduler_QueueRunner->do_batch(25, 'WP Cron')
#3 C:\xampp\htdocs\junior-salon\wp-includes\class-wp-hook.php(324): ActionScheduler_QueueRunner->run('WP Cron')
#4 C:\xampp\htdocs\junior-salon\wp-includes\class-wp-hook.php(348): WP_Hook->apply_filters('', Array)
#5 C:\xampp\htdocs\junior-salon\wp-includes\plugin.php(565): WP_Hook->do_action(Array)
#6 C:\xampp\htdocs\junior-salon\wp-cron.php(191): do_action_ref_array('action_schedule...', Array)
#7 {main}
  thrown in C:\xampp\htdocs\junior-salon\wp-content\plugins\woocommerce\packages\action-scheduler\classes\data-stores\ActionScheduler_DBStore.php on line 1128
[11-Jun-2025 09:04:22 UTC] PHP Fatal error:  Uncaught RuntimeException: Unable to release actions from claim id 0. in C:\xampp\htdocs\junior-salon\wp-content\plugins\woocommerce\packages\action-scheduler\classes\data-stores\ActionScheduler_DBStore.php:1128
Stack trace:
#0 C:\xampp\htdocs\junior-salon\wp-content\plugins\woocommerce\packages\action-scheduler\classes\data-stores\ActionScheduler_HybridStore.php(440): ActionScheduler_DBStore->release_claim(Object(ActionScheduler_ActionClaim))
#1 C:\xampp\htdocs\junior-salon\wp-content\plugins\woocommerce\packages\action-scheduler\classes\ActionScheduler_FatalErrorMonitor.php(95): ActionScheduler_HybridStore->release_claim(Object(ActionScheduler_ActionClaim))
#2 C:\xampp\htdocs\junior-salon\wp-includes\class-wp-hook.php(324): ActionScheduler_FatalErrorMonitor->handle_unexpected_shutdown('')
#3 C:\xampp\htdocs\junior-salon\wp-includes\class-wp-hook.php(348): WP_Hook->apply_filters(NULL, Array)
#4 C:\xampp\htdocs\junior-salon\wp-includes\plugin.php(517): WP_Hook->do_action(Array)
#5 C:\xampp\htdocs\junior-salon\wp-includes\load.php(1304): do_action('shutdown')
#6 [internal function]: shutdown_action_hook()
#7 {main}
  thrown in C:\xampp\htdocs\junior-salon\wp-content\plugins\woocommerce\packages\action-scheduler\classes\data-stores\ActionScheduler_DBStore.php on line 1128
[11-Jun-2025 09:07:37 UTC] PHP Deprecated:  Automatic conversion of false to array is deprecated in C:\xampp\htdocs\junior-salon\wp-content\plugins\wpml-sticky-links\classes\class-wpml-sticky-links.php on line 19
[11-Jun-2025 09:09:40 UTC] SELECT   QG6dosyx_posts.*
					 FROM QG6dosyx_posts 
					 WHERE 1=1  AND QG6dosyx_posts.post_name = '78fff966-dc0b-48a1-918f-287b0c5741fd' AND QG6dosyx_posts.post_type = 'customize_changeset' AND ((QG6dosyx_posts.post_status = 'publish' OR QG6dosyx_posts.post_status = 'future' OR QG6dosyx_posts.post_status = 'draft' OR QG6dosyx_posts.post_status = 'pending' OR QG6dosyx_posts.post_status = 'trash' OR QG6dosyx_posts.post_status = 'auto-draft' OR QG6dosyx_posts.post_status = 'inherit' OR QG6dosyx_posts.post_status = 'request-pending' OR QG6dosyx_posts.post_status = 'request-confirmed' OR QG6dosyx_posts.post_status = 'request-failed' OR QG6dosyx_posts.post_status = 'request-completed' OR QG6dosyx_posts.post_status = 'private'))
					 
					 ORDER BY QG6dosyx_posts.post_date DESC
					 
[11-Jun-2025 09:09:40 UTC] SELECT   QG6dosyx_posts.*
					 FROM QG6dosyx_posts 
					 WHERE 1=1  AND QG6dosyx_posts.post_name = '483ae928-9653-48b6-a88b-96062ec183dd' AND QG6dosyx_posts.post_type = 'customize_changeset' AND ((QG6dosyx_posts.post_status = 'publish' OR QG6dosyx_posts.post_status = 'future' OR QG6dosyx_posts.post_status = 'draft' OR QG6dosyx_posts.post_status = 'pending' OR QG6dosyx_posts.post_status = 'trash' OR QG6dosyx_posts.post_status = 'auto-draft' OR QG6dosyx_posts.post_status = 'inherit' OR QG6dosyx_posts.post_status = 'request-pending' OR QG6dosyx_posts.post_status = 'request-confirmed' OR QG6dosyx_posts.post_status = 'request-failed' OR QG6dosyx_posts.post_status = 'request-completed' OR QG6dosyx_posts.post_status = 'private'))
					 
					 ORDER BY QG6dosyx_posts.post_date DESC
					 
[11-Jun-2025 09:09:40 UTC] SELECT   QG6dosyx_posts.*
					 FROM QG6dosyx_posts 
					 WHERE 1=1  AND QG6dosyx_posts.post_name = 'ee2e3c5d-6fee-4e7d-81aa-efc2d7b7fe35' AND QG6dosyx_posts.post_type = 'customize_changeset' AND ((QG6dosyx_posts.post_status = 'publish' OR QG6dosyx_posts.post_status = 'future' OR QG6dosyx_posts.post_status = 'draft' OR QG6dosyx_posts.post_status = 'pending' OR QG6dosyx_posts.post_status = 'trash' OR QG6dosyx_posts.post_status = 'auto-draft' OR QG6dosyx_posts.post_status = 'inherit' OR QG6dosyx_posts.post_status = 'request-pending' OR QG6dosyx_posts.post_status = 'request-confirmed' OR QG6dosyx_posts.post_status = 'request-failed' OR QG6dosyx_posts.post_status = 'request-completed' OR QG6dosyx_posts.post_status = 'private'))
					 
					 ORDER BY QG6dosyx_posts.post_date DESC
					 
[11-Jun-2025 09:09:56 UTC] SELECT   QG6dosyx_posts.*
					 FROM QG6dosyx_posts 
					 WHERE 1=1  AND QG6dosyx_posts.post_type = 'acf-taxonomy' AND ((QG6dosyx_posts.post_status = 'publish' OR QG6dosyx_posts.post_status = 'acf-disabled'))
					 
					 ORDER BY QG6dosyx_posts.menu_order ASC, QG6dosyx_posts.post_title ASC
					 
[11-Jun-2025 09:09:56 UTC] SELECT   QG6dosyx_posts.*
					 FROM QG6dosyx_posts 
					 WHERE 1=1  AND QG6dosyx_posts.post_type = 'acf-taxonomy' AND ((QG6dosyx_posts.post_status = 'publish' OR QG6dosyx_posts.post_status = 'acf-disabled'))
					 
					 ORDER BY QG6dosyx_posts.menu_order ASC, QG6dosyx_posts.post_title ASC
					 
[11-Jun-2025 09:09:56 UTC] SELECT   QG6dosyx_posts.*
					 FROM QG6dosyx_posts 
					 WHERE 1=1  AND QG6dosyx_posts.post_type = 'acf-taxonomy' AND ((QG6dosyx_posts.post_status = 'publish' OR QG6dosyx_posts.post_status = 'acf-disabled'))
					 
					 ORDER BY QG6dosyx_posts.menu_order ASC, QG6dosyx_posts.post_title ASC
					 
[11-Jun-2025 09:09:56 UTC] SELECT   QG6dosyx_posts.*
					 FROM QG6dosyx_posts 
					 WHERE 1=1  AND QG6dosyx_posts.post_type = 'acf-post-type' AND ((QG6dosyx_posts.post_status = 'publish' OR QG6dosyx_posts.post_status = 'acf-disabled'))
					 
					 ORDER BY QG6dosyx_posts.menu_order ASC, QG6dosyx_posts.post_title ASC
					 
[11-Jun-2025 09:09:56 UTC] SELECT   QG6dosyx_posts.*
					 FROM QG6dosyx_posts 
					 WHERE 1=1  AND QG6dosyx_posts.post_type = 'acf-post-type' AND ((QG6dosyx_posts.post_status = 'publish' OR QG6dosyx_posts.post_status = 'acf-disabled'))
					 
					 ORDER BY QG6dosyx_posts.menu_order ASC, QG6dosyx_posts.post_title ASC
					 
[11-Jun-2025 09:09:56 UTC] SELECT   QG6dosyx_posts.*
					 FROM QG6dosyx_posts 
					 WHERE 1=1  AND QG6dosyx_posts.post_type = 'acf-post-type' AND ((QG6dosyx_posts.post_status = 'publish' OR QG6dosyx_posts.post_status = 'acf-disabled'))
					 
					 ORDER BY QG6dosyx_posts.menu_order ASC, QG6dosyx_posts.post_title ASC
					 
[11-Jun-2025 09:09:59 UTC] WordPress database error Duplicate entry '3836-en' for key 'trid_lang' for query INSERT INTO `QG6dosyx_icl_translations` (`element_type`, `language_code`, `trid`) VALUES ('post_nav_menu_item', 'en', '3836') made by require_once('wp-load.php'), require_once('wp-config.php'), require_once('wp-settings.php'), do_action('init'), WP_Hook->do_action, WP_Hook->apply_filters, WPML_Nav_Menu->init, WPML_Nav_Menu->_set_menus_language, SitePress->set_element_language_details, WPML_Set_Language->set, WPML_Set_Language->insert_new_row
[11-Jun-2025 09:09:59 UTC] WordPress database error Duplicate entry '3836-en' for key 'trid_lang' for query INSERT INTO `QG6dosyx_icl_translations` (`element_type`, `language_code`, `trid`) VALUES ('post_nav_menu_item', 'en', '3836') made by require_once('wp-load.php'), require_once('wp-config.php'), require_once('wp-settings.php'), do_action('init'), WP_Hook->do_action, WP_Hook->apply_filters, WPML_Nav_Menu->init, WPML_Nav_Menu->_set_menus_language, SitePress->set_element_language_details, WPML_Set_Language->set, WPML_Set_Language->insert_new_row
